ID,Local_ID,Language_ID,Parameter_ID,Value,Form,Segments,Comment,Source,Cognacy,Loan,Graphemes,Profile,audio
ask-1-1,,ask,1,lu,lu,,,,,,,,ask_40_01.wav
ask-5-1,,ask,5,aʈi,aʈi,,,,,,,,ask_40_02.wav
ask-9-1,,ask,9,t͡sut͡su,t͡sut͡su,,,,,,,,ask_40_03.wav
ask-13-1,,ask,13,agə,agə,,,,,,,,ask_40_04.wav
ask-17-1,,ask,17,məɽə,məɽə,,,,,,,,ask_40_05.wav
ask-21-1,,ask,21,kuɽi,kuɽi,,,,,,,,ask_40_06.wav
ask-25-1,,ask,25,pʰija,pʰija,,,,,,,,ask_40_07.wav
ask-29-1,,ask,29,kamaʈ͡ʂə,kamaʈ͡ʂə,,,,,,,,ask_40_08.wav
ask-33-1,,ask,33,at͡si,at͡si,,,,,,,,ask_40_09.wav
ask-37-1,,ask,37,aŋə,aŋə,,,,,,,,ask_40_10.wav
ask-2-1,,ask,2,moːt͡s,moːt͡s,,,,,,,,ask_40_11.wav
ask-6-1,,ask,6,paraj,paraj,,,,,,,,ask_40_12.wav
ask-10-1,,ask,10,dos,dos,,,,,,,,ask_40_13.wav
ask-14-1,,ask,14,purud͡zu,purud͡zu,,,,,,,,ask_40_14.wav
ask-18-1,,ask,18,ʃiŋ,ʃiŋ,,,,,,,,ask_40_15.wav
ask-22-1,,ask,22,aj,aj,,,,,,,,ask_40_16.wav
ask-26-1,,ask,26,zaɖuŋ,zaɖuŋ,,,,,,,,ask_40_17.wav
ask-30-1,,ask,30,paːr,paːr,,,,,,,,ask_40_18.wav
ask-34-1,,ask,34,vijon,vijon,,,,,,,,ask_40_19.wav
ask-38-1,,ask,38,uː,uː,,,,,,,,ask_40_20.wav
ask-3-1,,ask,3,kanɖrə,kanɖrə,,,,,,,,ask_40_21.wav
ask-7-1,,ask,7,nam,nam,,,,,,,,ask_40_22.wav
ask-11-1,,ask,11,nusθə,nusθə,,,,,,,,ask_40_23.wav
ask-15-1,,ask,15,zat,zat,,,,,,,,ask_40_24.wav
ask-19-1,,ask,19,kəsrə,kəsrə,,,,,,,,ask_40_25.wav
ask-23-1,,ask,23,at͡ʃ,at͡ʃ,,,,,,,,ask_40_26.wav
ask-27-1,,ask,27,kurvurt͡ʃo,kurvurt͡ʃo,,,,,,,,ask_40_27.wav
ask-31-1,,ask,31,mat͡s,mat͡s,,,,,,,,ask_40_28.wav
ask-35-1,,ask,35,vendə,vendə,,,,,,,,ask_40_29.wav
ask-39-1,,ask,39,t͡sam,t͡sam,,,,,,,,ask_40_30.wav
ask-4-1,,ask,4,isθa,isθa,,,,,,,,ask_40_31.wav
ask-8-1,,ask,8,vaːʈ,vaːʈ,,,,,,,,ask_40_32.wav
ask-12-1,,ask,12,su,su,,,,,,,,ask_40_33.wav
ask-16-1,,ask,16,ʒu,ʒu,,,,,,,,ask_40_34.wav
ask-20-1,,ask,20,dont,dont,,,,,,,,ask_40_35.wav
ask-24-1,,ask,24,kandə,kandə,,,,,,,,ask_40_36.wav
ask-28-1,,ask,28,du,du,,,,,,,,ask_40_37.wav
ask-32-1,,ask,32,abu,abu,,,,,,,,ask_40_38.wav
ask-36-1,,ask,36,ima,ima,,,,,,,,ask_40_39.wav
ask-40-1,,ask,40,tu,tu,,,,,,,,ask_40_40.wav
bft-1-1,,bft,1,kʰraq,kʰraq,,,,,,,,
bft-5-1,,bft,5,ruːspah,ruːspah,,,,,,,,
bft-9-1,,bft,9,braŋ,braŋ,,,,,,,,
bft-13-1,,bft,13,õːma,õːma,,,,,,,,
bft-17-1,,bft,17,ɕjaː,ɕjaː,,,,,,,,
bft-21-1,,bft,21,kʰiː,kʰiː,,,,,,,,
bft-25-1,,bft,25,tʰũːma,tʰũːma,,,,,,,,
bft-29-1,,bft,29,snaː,snaː,,,,,,,,
bft-33-1,,bft,33,mik,mik,,,,,,,,
bft-37-1,,bft,37,meː,meː,,,,,,,,
bft-2-1,,bft,2,ŋjah,ŋjah,,,,,,,,
bft-6-1,,bft,6,gãːse,gãːse,,,,,,,,
bft-10-1,,bft,10,laqpah,laqpah,,,,,,,,
bft-14-1,,bft,14,snjaːba,snjaːba,,,,,,,,
bft-18-1,,bft,18,ruaː,ruaː,,,,,,,,
bft-22-1,,bft,22,ŋa,ŋa,,,,,,,,
bft-26-1,,bft,26,bukʰmah,bukʰmah,,,,,,,,
bft-30-1,,bft,30,loŋa,loŋa,,,,,,,,
bft-34-1,,bft,34,t͡ɕʰinmah,t͡ɕʰinmah,,,,,,,,
bft-38-1,,bft,38,ɕik,ɕik,,,,,,,,
bft-3-1,,bft,3,braq,braq,,,,,,,,
bft-7-1,,bft,7,"mintaχ, min","mintaχ, min",,,,,,,,
bft-11-1,,bft,11,"sarfa, suŋa","sarfa, suŋa",,,,,,,,
bft-15-1,,bft,15,t͡sʰan,t͡sʰan,,,,,,,,
bft-19-1,,bft,19,snamsul,snamsul,,,,,,,,
bft-23-1,,bft,23,t͡ɕik,t͡ɕik,,,,,,,,
bft-27-1,,bft,27,lam,lam,,,,,,,,
bft-31-1,,bft,31,"miː, mingaː","miː, mingaː",,,,,,,,
bft-35-1,,bft,35,ɬtaː,ɬtaː,,,,,,,,
bft-39-1,,bft,39,baχspah,baχspah,,,,,,,,
bft-4-1,,bft,4,skarmah,skarmah,,,,,,,,
bft-8-1,,bft,8,rdwaː,rdwaː,,,,,,,,
bft-12-1,,bft,12,ŋimah,ŋimah,,,,,,,,
bft-16-1,,bft,16,ɬt͡ɕeː,ɬt͡ɕeː,,,,,,,,
bft-20-1,,bft,20,soː,soː,,,,,,,,
bft-24-1,,bft,24,staqd͡ʑiː,staqd͡ʑiː,,,,,,,,
bft-28-1,,bft,28,ŋis,ŋis,,,,,,,,
bft-32-1,,bft,32,t͡ɕʰuː,t͡ɕʰuː,,,,,,,,
bft-36-1,,bft,36,"ŋaːja, ŋadãː","ŋaːja, ŋadãː",,,,,,,,
bft-40-1,,bft,40,kʰjãː,kʰjãː,,,,,,,,
btv-1-1,,btv,1,raːt,raːt,,,,,,,,
btv-5-1,,btv,5,hãɽa͡ẽː,hãɽa͡ẽː,,,,,,,,
btv-9-1,,btv,9,t͡sut͡s,t͡sut͡s,,,,,,,,
btv-13-1,,btv,13,juː,juː,,,,,,,,
btv-17-1,,btv,17,meːrgaː,meːrgaː,,,,,,,,
btv-21-1,,btv,21,kut͡sur,kut͡sur,,,,,,,,
btv-25-1,,btv,25,puː,puː,,,,,,,,
btv-29-1,,btv,29,kaːn,kaːn,,,,,,,,
btv-33-1,,btv,33,ãːʈ͡ʂʰ,ãːʈ͡ʂʰ,,,,,,,,
btv-37-1,,btv,37,ãːr,ãːr,,,,,,,,
btv-2-1,,btv,2,mat͡s,mat͡s,,,,,,,,
btv-6-1,,btv,6,puːzil,puːzil,,,,,,,,
btv-10-1,,btv,10,haːt,haːt,,,,,,,,
btv-14-1,,btv,14,ʂũː,ʂũː,,,,,,,,
btv-18-1,,btv,18,ʂiːŋ,ʂiːŋ,,,,,,,,
btv-22-1,,btv,22,mah,mah,,,,,,,,
btv-26-1,,btv,26,koʈ,koʈ,,,,,,,,
btv-30-1,,btv,30,pan,pan,,,,,,,,
btv-34-1,,btv,34,ʃur,ʃur,,,,,,,,
btv-38-1,,btv,38,zuwa͡ẽː,zuwa͡ẽː,,,,,,,,
btv-3-1,,btv,3,kʰaːn,kʰaːn,,,,,,,,
btv-7-1,,btv,7,nãː,nãː,,,,,,,,
btv-11-1,,btv,11,nũː,nũː,,,,,,,,
btv-15-1,,btv,15,raː,raː,,,,,,,,
btv-19-1,,btv,19,nʰatoːr,nʰatoːr,,,,,,,,
btv-23-1,,btv,23,jak,jak,,,,,,,,
btv-27-1,,btv,27,paːn,paːn,,,,,,,,
btv-31-1,,btv,31,mũːʂ,mũːʂ,,,,,,,,
btv-35-1,,btv,35,bʰaːluː,bʰaːluː,,,,,,,,
btv-39-1,,btv,39,t͡saːm,t͡saːm,,,,,,,,
btv-4-1,,btv,4,taːr,taːr,,,,,,,,
btv-8-1,,btv,8,baːʈ,baːʈ,,,,,,,,
btv-12-1,,btv,12,suːr,suːr,,,,,,,,
btv-16-1,,btv,16,ziːb,ziːb,,,,,,,,
btv-20-1,,btv,20,daːn,daːn,,,,,,,,
btv-24-1,,btv,24,biːʈ͡ʂ,biːʈ͡ʂ,,,,,,,,
btv-28-1,,btv,28,duː,duː,,,,,,,,
btv-32-1,,btv,32,pa͡ẽː,pa͡ẽː,,,,,,,,
btv-36-1,,btv,36,beː,beː,,,,,,,,
btv-40-1,,btv,40,tus,tus,,,,,,,,
bkk-1-1,,bkk,1,løːl,løːl,,,,,,,,
bkk-5-1,,bkk,5,aːʈiː,aːʈiː,,,,,,,,
bkk-9-1,,bkk,9,dud,dud,,,,,,,,
bkk-13-1,,bkk,13,je,je,,,,,,,,
bkk-17-1,,bkk,17,minis,minis,,,,,,,,
bkk-21-1,,bkk,21,ʃyæ,ʃyæ,,,,,,,,
bkk-25-1,,bkk,25,pis,pis,,,,,,,,
bkk-29-1,,bkk,29,kani,kani,,,,,,,,
bkk-33-1,,bkk,33,aːʈʰiː,aːʈʰiː,,,,,,,,
bkk-37-1,,bkk,37,ʁur,ʁur,,,,,,,,
bkk-2-1,,bkk,2,njæ,njæ,,,,,,,,
bkk-6-1,,bkk,6,pind͡ʒo,pind͡ʒo,,,,,,,,
bkk-10-1,,bkk,10,hæd,hæd,,,,,,,,
bkk-14-1,,bkk,14,laʈʰis,laʈʰis,,,,,,,,
bkk-18-1,,bkk,18,ʃiŋ,ʃiŋ,,,,,,,,
bkk-22-1,,bkk,22,moː,moː,,,,,,,,
bkk-26-1,,bkk,26,quːʈo,quːʈo,,,,,,,,
bkk-30-1,,bkk,30,pæni,pæni,,,,,,,,
bkk-34-1,,bkk,34,χalma,χalma,,,,,,,,
bkk-38-1,,bkk,38,ʒwa,ʒwa,,,,,,,,
bkk-3-1,,bkk,3,ruŋ,ruŋ,,,,,,,,
bkk-7-1,,bkk,7,nuː,nuː,,,,,,,,
bkk-11-1,,bkk,11,nøː,nøː,,,,,,,,
bkk-15-1,,bkk,15,bældaŋ,bældaŋ,,,,,,,,
bkk-19-1,,bkk,19,nuːto,nuːto,,,,,,,,
bkk-23-1,,bkk,23,ek,ek,,,,,,,,
bkk-27-1,,bkk,27,pun,pun,,,,,,,,
bkk-31-1,,bkk,31,myʃ,myʃ,,,,,,,,
bkk-35-1,,bkk,35,skis,skis,,,,,,,,
bkk-39-1,,bkk,39,"moːs, tʰuːro","moːs, tʰuːro",,,,,,,,
bkk-4-1,,bkk,4,turi,turi,,,,,,,,
bkk-8-1,,bkk,8,naːro,naːro,,,,,,,,
bkk-12-1,,bkk,12,suri,suri,,,,,,,,
bkk-16-1,,bkk,16,gib,gib,,,,,,,,
bkk-20-1,,bkk,20,dæni,dæni,,,,,,,,
bkk-24-1,,bkk,24,t͡ʃaqmæ,t͡ʃaqmæ,,,,,,,,
bkk-28-1,,bkk,28,dy,dy,,,,,,,,
bkk-32-1,,bkk,32,wæ,wæ,,,,,,,,
bkk-36-1,,bkk,36,bæ,bæ,,,,,,,,
bkk-40-1,,bkk,40,ti,ti,,,,,,,,
bsk_h-1-1,,bsk_h,1,multan,multan,,,,,,,,
bsk_h-5-1,,bsk_h,5,tin,tin,,,,,,,,
bsk_h-9-1,,bsk_h,9,andil,andil,,,,,,,,
bsk_h-13-1,,bsk_h,13,ɖ͡ʐu,ɖ͡ʐu,,,,,,,,
bsk_h-17-1,,bsk_h,17,uweːras,uweːras,,,,,,,,
bsk_h-21-1,,bsk_h,21,huk,huk,,,,,,,,
bsk_h-25-1,,bsk_h,25,minaːs,minaːs,,,,,,,,
bsk_h-29-1,,bsk_h,29,altumal,altumal,,,,,,,,
bsk_h-33-1,,bsk_h,33,alt͡ɕin,alt͡ɕin,,,,,,,,
bsk_h-37-1,,bsk_h,37,pʰu,pʰu,,,,,,,,
bsk_h-2-1,,bsk_h,2,t͡ɕʰumo,t͡ɕʰumo,,,,,,,,
bsk_h-6-1,,bsk_h,6,hik,hik,,,,,,,,
bsk_h-10-1,,bsk_h,10,areːn,areːn,,,,,,,,
bsk_h-14-1,,bsk_h,14,dojalas,dojalas,,,,,,,,
bsk_h-18-1,,bsk_h,18,ilturijaŋ,ilturijaŋ,,,,,,,,
bsk_h-22-1,,bsk_h,22,d͡ʑe,d͡ʑe,,,,,,,,
bsk_h-26-1,,bsk_h,26,adumus,adumus,,,,,,,,
bsk_h-30-1,,bsk_h,30,ːtap,ːtap,,,,,,,,
bsk_h-34-1,,bsk_h,34,akin,akin,,,,,,,,
bsk_h-38-1,,bsk_h,38,kʰaruː,kʰaruː,,,,,,,,
bsk_h-3-1,,bsk_h,3,t͡ɕʰar,t͡ɕʰar,,,,,,,,
bsk_h-7-1,,bsk_h,7,ajik,ajik,,,,,,,,
bsk_h-11-1,,bsk_h,11,tʰoʂ,tʰoʂ,,,,,,,,
bsk_h-15-1,,bsk_h,15,tʰap,tʰap,,,,,,,,
bsk_h-19-1,,bsk_h,19,amupuʂ,amupuʂ,,,,,,,,
bsk_h-23-1,,bsk_h,23,han,han,,,,,,,,
bsk_h-27-1,,bsk_h,27,gan,gan,,,,,,,,
bsk_h-31-1,,bsk_h,31,sis,sis,,,,,,,,
bsk_h-35-1,,bsk_h,35,barenas,barenas,,,,,,,,
bsk_h-39-1,,bsk_h,39,awaʈ,awaʈ,,,,,,,,
bsk_h-4-1,,bsk_h,4,asiː,asiː,,,,,,,,
bsk_h-8-1,,bsk_h,8,dan,dan,,,,,,,,
bsk_h-12-1,,bsk_h,12,sa,sa,,,,,,,,
bsk_h-16-1,,bsk_h,16,oːmus,oːmus,,,,,,,,
bsk_h-20-1,,bsk_h,20,ameː,ameː,,,,,,,,
bsk_h-24-1,,bsk_h,24,tom,tom,,,,,,,,
bsk_h-28-1,,bsk_h,28,alto,alto,,,,,,,,
bsk_h-32-1,,bsk_h,32,t͡sil,t͡sil,,,,,,,,
bsk_h-36-1,,bsk_h,36,mi,mi,,,,,,,,
bsk_h-40-1,,bsk_h,40,un,un,,,,,,,,
bsk_n-1-1,,bsk_n,1,multan,multan,,,,,,,,
bsk_n-5-1,,bsk_n,5,tin,tin,,,,,,,,
bsk_n-9-1,,bsk_n,9,andil,andil,,,,,,,,
bsk_n-13-1,,bsk_n,13,ɖ͡ʐũ,ɖ͡ʐũ,,,,,,,,
bsk_n-17-1,,bsk_n,17,a͡eram,a͡eram,,,,,,,,
bsk_n-21-1,,bsk_n,21,huk,huk,,,,,,,,
bsk_n-25-1,,bsk_n,25,minaːm,minaːm,,,,,,,,
bsk_n-29-1,,bsk_n,29,altumal,altumal,,,,,,,,
bsk_n-33-1,,bsk_n,33,alt͡ɕin,alt͡ɕin,,,,,,,,
bsk_n-37-1,,bsk_n,37,fu,fu,,,,,,,,
bsk_n-2-1,,bsk_n,2,t͡ɕʰumu,t͡ɕʰumu,,,,,,,,
bsk_n-6-1,,bsk_n,6,ʂeg,ʂeg,,,,,,,,
bsk_n-10-1,,bsk_n,10,ariːŋ,ariːŋ,,,,,,,,
bsk_n-14-1,,bsk_n,14,dajalam,dajalam,,,,,,,,
bsk_n-18-1,,bsk_n,18,"iltur, altur","iltur, altur",,,,,,,,
bsk_n-22-1,,bsk_n,22,d͡ʒaː,d͡ʒaː,,,,,,,,
bsk_n-26-1,,bsk_n,26,adumus,adumus,,,,,,,,
bsk_n-30-1,,bsk_n,30,tap,tap,,,,,,,,
bsk_n-34-1,,bsk_n,34,"akin, eː kin","akin, eː kin",,,,,,,,
bsk_n-38-1,,bsk_n,38,kʰaruː,kʰaruː,,,,,,,,
bsk_n-3-1,,bsk_n,3,t͡ɕʰar,t͡ɕʰar,,,,,,,,
bsk_n-7-1,,bsk_n,7,guik,guik,,,,,,,,
bsk_n-11-1,,bsk_n,11,"naja, tʰoʂ","naja, tʰoʂ",,,,,,,,
bsk_n-15-1,,bsk_n,15,tʰap,tʰap,,,,,,,,
bsk_n-19-1,,bsk_n,19,amuːpuʂ,amuːpuʂ,,,,,,,,
bsk_n-23-1,,bsk_n,23,han,han,,,,,,,,
bsk_n-27-1,,bsk_n,27,gan,gan,,,,,,,,
bsk_n-31-1,,bsk_n,31,sisan,sisan,,,,,,,,
bsk_n-35-1,,bsk_n,35,"beren, beranas","beren, beranas",,,,,,,,
bsk_n-39-1,,bsk_n,39,baʈ,baʈ,,,,,,,,
bsk_n-4-1,,bsk_n,4,asiː,asiː,,,,,,,,
bsk_n-8-1,,bsk_n,8,"dan, danan","dan, danan",,,,,,,,
bsk_n-12-1,,bsk_n,12,sah,sah,,,,,,,,
bsk_n-16-1,,bsk_n,16,baːʂ,baːʂ,,,,,,,,
bsk_n-20-1,,bsk_n,20,ameː,ameː,,,,,,,,
bsk_n-24-1,,bsk_n,24,"tom, toman","tom, toman",,,,,,,,
bsk_n-28-1,,bsk_n,28,altat͡s,altat͡s,,,,,,,,
bsk_n-32-1,,bsk_n,32,t͡sʰil,t͡sʰil,,,,,,,,
bsk_n-36-1,,bsk_n,36,"mi, miː","mi, miː",,,,,,,,
bsk_n-40-1,,bsk_n,40,um,um,,,,,,,,
dml-1-1,,dml,1,loːi,loːi,,,,,,,,
dml-5-1,,dml,5,anʈʰiː,anʈʰiː,,,,,,,,
dml-9-1,,dml,9,t͡ʃut͡ʃu,t͡ʃut͡ʃu,,,,,,,,
dml-13-1,,dml,13,aːt͡san,aːt͡san,,,,,,,,
dml-17-1,,dml,17,bren,bren,,,,,,,,
dml-21-1,,dml,21,t͡suːnah,t͡suːnah,,,,,,,,
dml-25-1,,dml,25,pen,pen,,,,,,,,
dml-29-1,,dml,29,kaːr,kaːr,,,,,,,,
dml-33-1,,dml,33,ĩːt͡ʃʰ,ĩːt͡ʃʰ,,,,,,,,
dml-37-1,,dml,37,aŋgar,aŋgar,,,,,,,,
dml-2-1,,dml,2,aːmras,aːmras,,,,,,,,
dml-6-1,,dml,6,poːrisan,poːrisan,,,,,,,,
dml-10-1,,dml,10,daʃ,daʃ,,,,,,,,
dml-14-1,,dml,14,uːʃtruːnan,uːʃtruːnan,,,,,,,,
dml-18-1,,dml,18,ʂiŋ,ʂiŋ,,,,,,,,
dml-22-1,,dml,22,ai,ai,,,,,,,,
dml-26-1,,dml,26,kʰoʈah,kʰoʈah,,,,,,,,
dml-30-1,,dml,30,pʰaʈ,pʰaʈ,,,,,,,,
dml-34-1,,dml,34,pat͡ʃah,pat͡ʃah,,,,,,,,
dml-38-1,,dml,38,ʒũː,ʒũː,,,,,,,,
dml-3-1,,dml,3,t͡ʃoːʕ,t͡ʃoːʕ,,,,,,,,
dml-7-1,,dml,7,nam,nam,,,,,,,,
dml-11-1,,dml,11,nuːãː,nuːãː,,,,,,,,
dml-15-1,,dml,15,ret,ret,,,,,,,,
dml-19-1,,dml,19,naːs,naːs,,,,,,,,
dml-23-1,,dml,23,ek,ek,,,,,,,,
dml-27-1,,dml,27,pʰan,pʰan,,,,,,,,
dml-31-1,,dml,31,mat͡ʃ,mat͡ʃ,,,,,,,,
dml-35-1,,dml,35,daʈ͡ʂan,daʈ͡ʂan,,,,,,,,
dml-39-1,,dml,39,gadrah,gadrah,,,,,,,,
dml-4-1,,dml,4,iʃtaːri,iʃtaːri,,,,,,,,
dml-8-1,,dml,8,baːt,baːt,,,,,,,,
dml-12-1,,dml,12,sir,sir,,,,,,,,
dml-16-1,,dml,16,ʒip,ʒip,,,,,,,,
dml-20-1,,dml,20,dan,dan,,,,,,,,
dml-24-1,,dml,24,muʈ,muʈ,,,,,,,,
dml-28-1,,dml,28,duː,duː,,,,,,,,
dml-32-1,,dml,32,aːw,aːw,,,,,,,,
dml-36-1,,dml,36,ai,ai,,,,,,,,
dml-40-1,,dml,40,tuː,tuː,,,,,,,,
prs_d-1-1,,prs_d,1,χu,χu,,,,,,,,
prs_d-5-1,,prs_d,5,astaʁu,astaʁu,,,,,,,,
prs_d-9-1,,prs_d,9,"d͡ʒid͡ʒi, pistu","d͡ʒid͡ʒi, pistu",,,,,,,,
prs_d-13-1,,prs_d,13,umajan,umajan,,,,,,,,
prs_d-17-1,,prs_d,17,mənran,mənran,,,,,,,,
prs_d-21-1,,prs_d,21,sag,sag,,,,,,,,
prs_d-25-1,,prs_d,25,χəːran,χəːran,,,,,,,,
prs_d-29-1,,prs_d,29,gəːʃ,gəːʃ,,,,,,,,
prs_d-33-1,,prs_d,33,t͡ʃiʃəm,t͡ʃiʃəm,,,,,,,,
prs_d-37-1,,prs_d,37,alaːw,alaːw,,,,,,,,
prs_d-2-1,,prs_d,2,moːji,moːji,,,,,,,,
prs_d-6-1,,prs_d,6,ləq,ləq,,,,,,,,
prs_d-10-1,,prs_d,10,dest,dest,,,,,,,,
prs_d-14-1,,prs_d,14,ʃinawjan,ʃinawjan,,,,,,,,
prs_d-18-1,,prs_d,18,ʃoːχ,ʃoːχ,,,,,,,,
prs_d-22-1,,prs_d,22,mən,mən,,,,,,,,
prs_d-26-1,,prs_d,26,zinəː,zinəː,,,,,,,,
prs_d-30-1,,prs_d,30,baːrg,baːrg,,,,,,,,
prs_d-34-1,,prs_d,34,d͡ʒiːgaːr,d͡ʒiːgaːr,,,,,,,,
prs_d-38-1,,prs_d,38,ʃəpəːʃ,ʃəpəːʃ,,,,,,,,
prs_d-3-1,,prs_d,3,kuː,kuː,,,,,,,,
prs_d-7-1,,prs_d,7,nuːm,nuːm,,,,,,,,
prs_d-11-1,,prs_d,11,naw,naw,,,,,,,,
prs_d-15-1,,prs_d,15,ʃaw,ʃaw,,,,,,,,
prs_d-19-1,,prs_d,19,bəniː,bəniː,,,,,,,,
prs_d-23-1,,prs_d,23,jaːk,jaːk,,,,,,,,
prs_d-27-1,,prs_d,27,ra,ra,,,,,,,,
prs_d-31-1,,prs_d,31,nafar,nafar,,,,,,,,
prs_d-35-1,,prs_d,35,dijan,dijan,,,,,,,,
prs_d-39-1,,prs_d,39,pəːst,pəːst,,,,,,,,
prs_d-4-1,,prs_d,4,sətoːra,sətoːra,,,,,,,,
prs_d-8-1,,prs_d,8,sang,sang,,,,,,,,
prs_d-12-1,,prs_d,12,aftoːw,aftoːw,,,,,,,,
prs_d-16-1,,prs_d,16,zuː,zuː,,,,,,,,
prs_d-20-1,,prs_d,20,danduː,danduː,,,,,,,,
prs_d-24-1,,prs_d,24,draːχt,draːχt,,,,,,,,
prs_d-28-1,,prs_d,28,duː,duː,,,,,,,,
prs_d-32-1,,prs_d,32,oːw,oːw,,,,,,,,
prs_d-36-1,,prs_d,36,moː,moː,,,,,,,,
prs_d-40-1,,prs_d,40,tə,tə,,,,,,,,
gwt_a-1-1,,gwt_a,1,lo,lo,,,,,,,,
gwt_a-5-1,,gwt_a,5,haɖuːki,haɖuːki,,,,,,,,
gwt_a-9-1,,gwt_a,9,t͡sut͡su,t͡sut͡su,,,,,,,,
gwt_a-13-1,,gwt_a,13,d͡ʒɑ,d͡ʒɑ,,,,,,,,
gwt_a-17-1,,gwt_a,17,mimaːn,mimaːn,,,,,,,,
gwt_a-21-1,,gwt_a,21,ʂunaː,ʂunaː,,,,,,,,
gwt_a-25-1,,gwt_a,25,lukɑ,lukɑ,,,,,,,,
gwt_a-29-1,,gwt_a,29,kamʈɑ,kamʈɑ,,,,,,,,
gwt_a-33-1,,gwt_a,33,it͡sin,it͡sin,,,,,,,,
gwt_a-37-1,,gwt_a,37,angaːr,angaːr,,,,,,,,
gwt_a-2-1,,gwt_a,2,mat͡soːʈɑ,mat͡soːʈɑ,,,,,,,,
gwt_a-6-1,,gwt_a,6,poːr,poːr,,,,,,,,
gwt_a-10-1,,gwt_a,10,as,as,,,,,,,,
gwt_a-14-1,,gwt_a,14,ʃunɖimem,ʃunɖimem,,,,,,,,
gwt_a-18-1,,gwt_a,18,ʃing,ʃing,,,,,,,,
gwt_a-22-1,,gwt_a,22,aː,aː,,,,,,,,
gwt_a-26-1,,gwt_a,26,ɖungɑ,ɖungɑ,,,,,,,,
gwt_a-30-1,,gwt_a,30,paʈɑ,paʈɑ,,,,,,,,
gwt_a-34-1,,gwt_a,34,hiɽɑ,hiɽɑ,,,,,,,,
gwt_a-38-1,,gwt_a,38,zum,zum,,,,,,,,
gwt_a-3-1,,gwt_a,3,ban,ban,,,,,,,,
gwt_a-7-1,,gwt_a,7,naːm,naːm,,,,,,,,
gwt_a-11-1,,gwt_a,11,nungɑ,nungɑ,,,,,,,,
gwt_a-15-1,,gwt_a,15,heːl,heːl,,,,,,,,
gwt_a-19-1,,gwt_a,19,naːsi,naːsi,,,,,,,,
gwt_a-23-1,,gwt_a,23,jak,jak,,,,,,,,
gwt_a-27-1,,gwt_a,27,pan,pan,,,,,,,,
gwt_a-31-1,,gwt_a,31,maːnuʂ,maːnuʂ,,,,,,,,
gwt_a-35-1,,gwt_a,35,taːwum,taːwum,,,,,,,,
gwt_a-39-1,,gwt_a,39,gaʂ,gaʂ,,,,,,,,
gwt_a-4-1,,gwt_a,4,stoːre,stoːre,,,,,,,,
gwt_a-8-1,,gwt_a,8,waːʈ,waːʈ,,,,,,,,
gwt_a-12-1,,gwt_a,12,suri,suri,,,,,,,,
gwt_a-16-1,,gwt_a,16,zip,zip,,,,,,,,
gwt_a-20-1,,gwt_a,20,dan,dan,,,,,,,,
gwt_a-24-1,,gwt_a,24,muʈɑ,muʈɑ,,,,,,,,
gwt_a-28-1,,gwt_a,28,du,du,,,,,,,,
gwt_a-32-1,,gwt_a,32,aːw,aːw,,,,,,,,
gwt_a-36-1,,gwt_a,36,mu,mu,,,,,,,,
gwt_a-40-1,,gwt_a,40,tu,tu,,,,,,,,
gwt_p-1-1,,gwt_p,1,lo,lo,,,,,,,,
gwt_p-5-1,,gwt_p,5,haɖ,haɖ,,,,,,,,
gwt_p-9-1,,gwt_p,9,t͡sut͡su,t͡sut͡su,,,,,,,,
gwt_p-13-1,,gwt_p,13,d͡ʒik,d͡ʒik,,,,,,,,
gwt_p-17-1,,gwt_p,17,mik,mik,,,,,,,,
gwt_p-21-1,,gwt_p,21,ʂuɳa,ʂuɳa,,,,,,,,
gwt_p-25-1,,gwt_p,25,pik,pik,,,,,,,,
gwt_p-29-1,,gwt_p,29,kʰamʈa,kʰamʈa,,,,,,,,
gwt_p-33-1,,gwt_p,33,it͡sin,it͡sin,,,,,,,,
gwt_p-37-1,,gwt_p,37,haŋgaːr,haŋgaːr,,,,,,,,
gwt_p-2-1,,gwt_p,2,mat͡soʈa,mat͡soʈa,,,,,,,,
gwt_p-6-1,,gwt_p,6,por,por,,,,,,,,
gwt_p-10-1,,gwt_p,10,hast,hast,,,,,,,,
gwt_p-14-1,,gwt_p,14,ʂuɳɖaːwa,ʂuɳɖaːwa,,,,,,,,
gwt_p-18-1,,gwt_p,18,ʂiŋg,ʂiŋg,,,,,,,,
gwt_p-22-1,,gwt_p,22,ãː,ãː,,,,,,,,
gwt_p-26-1,,gwt_p,26,ɖuŋga,ɖuŋga,,,,,,,,
gwt_p-30-1,,gwt_p,30,faʈa,faʈa,,,,,,,,
gwt_p-34-1,,gwt_p,34,andet͡s,andet͡s,,,,,,,,
gwt_p-38-1,,gwt_p,38,zum,zum,,,,,,,,
gwt_p-3-1,,gwt_p,3,"daɽa, gala","daɽa, gala",,,,,,,,
gwt_p-7-1,,gwt_p,7,naːm,naːm,,,,,,,,
gwt_p-11-1,,gwt_p,11,nuŋg,nuŋg,,,,,,,,
gwt_p-15-1,,gwt_p,15,el,el,,,,,,,,
gwt_p-19-1,,gwt_p,19,naːsi,naːsi,,,,,,,,
gwt_p-23-1,,gwt_p,23,jak,jak,,,,,,,,
gwt_p-27-1,,gwt_p,27,fãt,fãt,,,,,,,,
gwt_p-31-1,,gwt_p,31,zan,zan,,,,,,,,
gwt_p-35-1,,gwt_p,35,baːlawa,baːlawa,,,,,,,,
gwt_p-39-1,,gwt_p,39,gaɬ,gaɬ,,,,,,,,
gwt_p-4-1,,gwt_p,4,taːra,taːra,,,,,,,,
gwt_p-8-1,,gwt_p,8,waːʈ,waːʈ,,,,,,,,
gwt_p-12-1,,gwt_p,12,suri,suri,,,,,,,,
gwt_p-16-1,,gwt_p,16,zip,zip,,,,,,,,
gwt_p-20-1,,gwt_p,20,dãt,dãt,,,,,,,,
gwt_p-24-1,,gwt_p,24,muʈʰa,muʈʰa,,,,,,,,
gwt_p-28-1,,gwt_p,28,du,du,,,,,,,,
gwt_p-32-1,,gwt_p,32,aːw,aːw,,,,,,,,
gwt_p-36-1,,gwt_p,36,ama,ama,,,,,,,,
gwt_p-40-1,,gwt_p,40,"me, tu","me, tu",,,,,,,,
gwc-1-1,,gwc,1,rɑt,rɑt,,,,,,,,
gwc-5-1,,gwc,5,hɑɽ,hɑɽ,,,,,,,,
gwc-9-1,,gwc,9,t͡ʃit͡ʃ,t͡ʃit͡ʃ,,,,,,,,
gwc-13-1,,gwc,13,jaːg,jaːg,,,,,,,,
gwc-17-1,,gwc,17,mur,mur,,,,,,,,
gwc-21-1,,gwc,21,kut͡ʃur,kut͡ʃur,,,,,,,,
gwc-25-1,,gwc,25,puːg,puːg,,,,,,,,
gwc-29-1,,gwc,29,kɑn,kɑn,,,,,,,,
gwc-33-1,,gwc,33,ɑʈ͡ʂ,ɑʈ͡ʂ,,,,,,,,
gwc-37-1,,gwc,37,aŋɑːr,aŋɑːr,,,,,,,,
gwc-2-1,,gwc,2,mat͡sʰin,mat͡sʰin,,,,,,,,
gwc-6-1,,gwc,6,t͡ʃupuʈ,t͡ʃupuʈ,,,,,,,,
gwc-10-1,,gwc,10,tʰeːr,tʰeːr,,,,,,,,
gwc-14-1,,gwc,14,bud͡ʒuːg,bud͡ʒuːg,,,,,,,,
gwc-18-1,,gwc,18,ʂiŋ,ʂiŋ,,,,,,,,
gwc-22-1,,gwc,22,jɑ,jɑ,,,,,,,,
gwc-26-1,,gwc,26,kuʈ,kuʈ,,,,,,,,
gwc-30-1,,gwc,30,pɑɬ,pɑɬ,,,,,,,,
gwc-34-1,,gwc,34,jan,jan,,,,,,,,
gwc-38-1,,gwc,38,d͡ʒũːi,d͡ʒũːi,,,,,,,,
gwc-3-1,,gwc,3,kʰɑn,kʰɑn,,,,,,,,
gwc-7-1,,gwc,7,nɑːm,nɑːm,,,,,,,,
gwc-11-1,,gwc,11,nam,nam,,,,,,,,
gwc-15-1,,gwc,15,rɑːt,rɑːt,,,,,,,,
gwc-19-1,,gwc,19,nazoːr,nazoːr,,,,,,,,
gwc-23-1,,gwc,23,ak,ak,,,,,,,,
gwc-27-1,,gwc,27,pɑn,pɑn,,,,,,,,
gwc-31-1,,gwc,31,miːʃ,miːʃ,,,,,,,,
gwc-35-1,,gwc,35,t͡ʃʰaʈɑːg,t͡ʃʰaʈɑːg,,,,,,,,
gwc-39-1,,gwc,39,t͡ʃɑm,t͡ʃɑm,,,,,,,,
gwc-4-1,,gwc,4,tɑːr,tɑːr,,,,,,,,
gwc-8-1,,gwc,8,bɑʈ,bɑʈ,,,,,,,,
gwc-12-1,,gwc,12,siːr,siːr,,,,,,,,
gwc-16-1,,gwc,16,d͡ʒib,d͡ʒib,,,,,,,,
gwc-20-1,,gwc,20,dɑn,dɑn,,,,,,,,
gwc-24-1,,gwc,24,tɑm,tɑm,,,,,,,,
gwc-28-1,,gwc,28,duː,duː,,,,,,,,
gwc-32-1,,gwc,32,uː,uː,,,,,,,,
gwc-36-1,,gwc,36,jɑ,jɑ,,,,,,,,
gwc-40-1,,gwc,40,tu,tu,,,,,,,,
gju_a-1-1,,gju_a,1,rat,rat,,,,,,,,
gju_a-5-1,,gju_a,5,haɖiː,haɖiː,,,,,,,,
gju_a-9-1,,gju_a,9,t͡ʃut͡ʃi,t͡ʃut͡ʃi,,,,,,,,
gju_a-13-1,,gju_a,13,aːnaɽ,aːnaɽ,,,,,,,,
gju_a-17-1,,gju_a,17,maraɳ,maraɳ,,,,,,,,
gju_a-21-1,,gju_a,21,kutu,kutu,,,,,,,,
gju_a-25-1,,gju_a,25,piːɳ,piːɳ,,,,,,,,
gju_a-29-1,,gju_a,29,kaːn,kaːn,,,,,,,,
gju_a-33-1,,gju_a,33,akʰ,akʰ,,,,,,,,
gju_a-37-1,,gju_a,37,ag,ag,,,,,,,,
gju_a-2-1,,gju_a,2,mat͡ʃʰiː,mat͡ʃʰiː,,,,,,,,
gju_a-6-1,,gju_a,6,bʰariju,bʰariju,,,,,,,,
gju_a-10-1,,gju_a,10,hat,hat,,,,,,,,
gju_a-14-1,,gju_a,14,suɳun,suɳun,,,,,,,,
gju_a-18-1,,gju_a,18,səng,səng,,,,,,,,
gju_a-22-1,,gju_a,22,hũː,hũː,,,,,,,,
gju_a-26-1,,gju_a,26,d͡ʒanu,d͡ʒanu,,,,,,,,
gju_a-30-1,,gju_a,30,baːmfru,baːmfru,,,,,,,,
gju_a-34-1,,gju_a,34,pʰapru,pʰapru,,,,,,,,
gju_a-38-1,,gju_a,38,d͡ʒũː,d͡ʒũː,,,,,,,,
gju_a-3-1,,gju_a,3,ɖʰaːkuː,ɖʰaːkuː,,,,,,,,
gju_a-7-1,,gju_a,7,naː,naː,,,,,,,,
gju_a-11-1,,gju_a,11,noː,noː,,,,,,,,
gju_a-15-1,,gju_a,15,raːt,raːt,,,,,,,,
gju_a-19-1,,gju_a,19,naːs,naːs,,,,,,,,
gju_a-23-1,,gju_a,23,eːk,eːk,,,,,,,,
gju_a-27-1,,gju_a,27,ra,ra,,,,,,,,
gju_a-31-1,,gju_a,31,d͡ʒaɳu,d͡ʒaɳu,,,,,,,,
gju_a-35-1,,gju_a,35,deːkʰaɳ,deːkʰaɳ,,,,,,,,
gju_a-39-1,,gju_a,39,t͡ʃamɽi,t͡ʃamɽi,,,,,,,,
gju_a-4-1,,gju_a,4,taːruː,taːruː,,,,,,,,
gju_a-8-1,,gju_a,8,gəʈiː,gəʈiː,,,,,,,,
gju_a-12-1,,gju_a,12,dĩː,dĩː,,,,,,,,
gju_a-16-1,,gju_a,16,d͡ʒiːb,d͡ʒiːb,,,,,,,,
gju_a-20-1,,gju_a,20,daːnd,daːnd,,,,,,,,
gju_a-24-1,,gju_a,24,rukʰ,rukʰ,,,,,,,,
gju_a-28-1,,gju_a,28,doː,doː,,,,,,,,
gju_a-32-1,,gju_a,32,paːɳi,paːɳi,,,,,,,,
gju_a-36-1,,gju_a,36,ham,ham,,,,,,,,
gju_a-40-1,,gju_a,40,tuː,tuː,,,,,,,,
gju_p-1-1,,gju_p,1,rat,rat,,,,,,,,
gju_p-5-1,,gju_p,5,haɖiː,haɖiː,,,,,,,,
gju_p-9-1,,gju_p,9,siːnu,siːnu,,,,,,,,
gju_p-13-1,,gju_p,13,aː,aː,,,,,,,,
gju_p-17-1,,gju_p,17,marnu,marnu,,,,,,,,
gju_p-21-1,,gju_p,21,kutːu,kutːu,,,,,,,,
gju_p-25-1,,gju_p,25,piːɳu,piːɳu,,,,,,,,
gju_p-29-1,,gju_p,29,kan,kan,,,,,,,,
gju_p-33-1,,gju_p,33,akʰ,akʰ,,,,,,,,
gju_p-37-1,,gju_p,37,ag,ag,,,,,,,,
gju_p-2-1,,gju_p,2,mat͡ːɕʰiː,mat͡ːɕʰiː,,,,,,,,
gju_p-6-1,,gju_p,6,bʰareːwu,bʰareːwu,,,,,,,,
gju_p-10-1,,gju_p,10,hatʰ,hatʰ,,,,,,,,
gju_p-14-1,,gju_p,14,suɳːu,suɳːu,,,,,,,,
gju_p-18-1,,gju_p,18,siŋ,siŋ,,,,,,,,
gju_p-22-1,,gju_p,22,hũː,hũː,,,,,,,,
gju_p-26-1,,gju_p,26,kuːɳi,kuːɳi,,,,,,,,
gju_p-30-1,,gju_p,30,patar,patar,,,,,,,,
gju_p-34-1,,gju_p,34,d͡ʑigar,d͡ʑigar,,,,,,,,
gju_p-38-1,,gju_p,38,d͡ʑũː,d͡ʑũː,,,,,,,,
gju_p-3-1,,gju_p,3,paːɽ,paːɽ,,,,,,,,
gju_p-7-1,,gju_p,7,nãː,nãː,,,,,,,,
gju_p-11-1,,gju_p,11,noː,noː,,,,,,,,
gju_p-15-1,,gju_p,15,raːt,raːt,,,,,,,,
gju_p-19-1,,gju_p,19,nak,nak,,,,,,,,
gju_p-23-1,,gju_p,23,eːk,eːk,,,,,,,,
gju_p-27-1,,gju_p,27,rah,rah,,,,,,,,
gju_p-31-1,,gju_p,31,aːdmi,aːdmi,,,,,,,,
gju_p-35-1,,gju_p,35,deːkʰɳu,deːkʰɳu,,,,,,,,
gju_p-39-1,,gju_p,39,t͡ɕamɽi,t͡ɕamɽi,,,,,,,,
gju_p-4-1,,gju_p,4,taːroː,taːroː,,,,,,,,
gju_p-8-1,,gju_p,8,baʈːo,baʈːo,,,,,,,,
gju_p-12-1,,gju_p,12,dĩː,dĩː,,,,,,,,
gju_p-16-1,,gju_p,16,d͡ʑiːb,d͡ʑiːb,,,,,,,,
gju_p-20-1,,gju_p,20,dand,dand,,,,,,,,
gju_p-24-1,,gju_p,24,buːʈo,buːʈo,,,,,,,,
gju_p-28-1,,gju_p,28,doː,doː,,,,,,,,
gju_p-32-1,,gju_p,32,paːɳi,paːɳi,,,,,,,,
gju_p-36-1,,gju_p,36,ham,ham,,,,,,,,
gju_p-40-1,,gju_p,40,tuː,tuː,,,,,,,,
hno-1-1,,hno,1,law,law,,,,,,,,
hno-5-1,,hno,5,haɖiː,haɖiː,,,,,,,,
hno-9-1,,hno,9,siːnah,siːnah,,,,,,,,
hno-13-1,,hno,13,aː,aː,,,,,,,,
hno-17-1,,hno,17,mar,mar,,,,,,,,
hno-21-1,,hno,21,kotaː,kotaː,,,,,,,,
hno-25-1,,hno,25,piː,piː,,,,,,,,
hno-29-1,,hno,29,kan,kan,,,,,,,,
hno-33-1,,hno,33,akʰ,akʰ,,,,,,,,
hno-37-1,,hno,37,ag,ag,,,,,,,,
hno-2-1,,hno,2,mat͡ʃʰiː,mat͡ʃʰiː,,,,,,,,
hno-6-1,,hno,6,pareːdaː,pareːdaː,,,,,,,,
hno-10-1,,hno,10,hatʰ,hatʰ,,,,,,,,
hno-14-1,,hno,14,sunɽ,sunɽ,,,,,,,,
hno-18-1,,hno,18,siːŋ,siːŋ,,,,,,,,
hno-22-1,,hno,22,mẽː,mẽː,,,,,,,,
hno-26-1,,hno,26,goːɖaː,goːɖaː,,,,,,,,
hno-30-1,,hno,30,patar,patar,,,,,,,,
hno-34-1,,hno,34,d͡ʒigar,d͡ʒigar,,,,,,,,
hno-38-1,,hno,38,d͡ʒũː,d͡ʒũː,,,,,,,,
hno-3-1,,hno,3,ʈakah,ʈakah,,,,,,,,
hno-7-1,,hno,7,nãː,nãː,,,,,,,,
hno-11-1,,hno,11,namãː,namãː,,,,,,,,
hno-15-1,,hno,15,raːt,raːt,,,,,,,,
hno-19-1,,hno,19,nak,nak,,,,,,,,
hno-23-1,,hno,23,hek,hek,,,,,,,,
hno-27-1,,hno,27,rah,rah,,,,,,,,
hno-31-1,,hno,31,aːdmiː,aːdmiː,,,,,,,,
hno-35-1,,hno,35,deːχ,deːχ,,,,,,,,
hno-39-1,,hno,39,d͡ʒamɽaː,d͡ʒamɽaː,,,,,,,,
hno-4-1,,hno,4,taːraː,taːraː,,,,,,,,
hno-8-1,,hno,8,baʈah,baʈah,,,,,,,,
hno-12-1,,hno,12,dĩː,dĩː,,,,,,,,
hno-16-1,,hno,16,d͡ʒiːb,d͡ʒiːb,,,,,,,,
hno-20-1,,hno,20,dand,dand,,,,,,,,
hno-24-1,,hno,24,buːʈaː,buːʈaː,,,,,,,,
hno-28-1,,hno,28,doː,doː,,,,,,,,
hno-32-1,,hno,32,pãːɽĩː,pãːɽĩː,,,,,,,,
hno-36-1,,hno,36,asĩː,asĩː,,,,,,,,
hno-40-1,,hno,40,tuː,tuː,,,,,,,,
mvy-1-1,,mvy,1,raːt,raːt,,,,,,,,
mvy-5-1,,mvy,5,haːɽ,haːɽ,,,,,,,,
mvy-9-1,,mvy,9,---,---,,,,,,,,
mvy-13-1,,mvy,13,iyũː,iyũː,,,,,,,,
mvy-17-1,,mvy,17,marilːa,marilːa,,,,,,,,
mvy-21-1,,mvy,21,kut͡sur,kut͡sur,,,,,,,,
mvy-25-1,,mvy,25,põː,põː,,,,,,,,
mvy-29-1,,mvy,29,kãːɽ,kãːɽ,,,,,,,,
mvy-33-1,,mvy,33,ãːẽʈ͡ʂʰ,ãːẽʈ͡ʂʰ,,,,,,,,
mvy-37-1,,mvy,37,aŋːgaːr,aŋːgaːr,,,,,,,,
mvy-2-1,,mvy,2,t͡sʰim,t͡sʰim,,,,,,,,
mvy-6-1,,mvy,6,ponsiːl,ponsiːl,,,,,,,,
mvy-10-1,,mvy,10,haː,haː,,,,,,,,
mvy-14-1,,mvy,14,ʂũː,ʂũː,,,,,,,,
mvy-18-1,,mvy,18,ʂĩːŋg,ʂĩːŋg,,,,,,,,
mvy-22-1,,mvy,22,mah,mah,,,,,,,,
mvy-26-1,,mvy,26,kuːʈʰ,kuːʈʰ,,,,,,,,
mvy-30-1,,mvy,30,pãɽ,pãɽ,,,,,,,,
mvy-34-1,,mvy,34,ʃuːr,ʃuːr,,,,,,,,
mvy-38-1,,mvy,38,zoĩː,zoĩː,,,,,,,,
mvy-3-1,,mvy,3,kʰaːn,kʰaːn,,,,,,,,
mvy-7-1,,mvy,7,nãː,nãː,,,,,,,,
mvy-11-1,,mvy,11,nãõ,nãõ,,,,,,,,
mvy-15-1,,mvy,15,raːl,raːl,,,,,,,,
mvy-19-1,,mvy,19,natʰuːr,natʰuːr,,,,,,,,
mvy-23-1,,mvy,23,ek,ek,,,,,,,,
mvy-27-1,,mvy,27,pãːd,pãːd,,,,,,,,
mvy-31-1,,mvy,31,mãːʂ,mãːʂ,,,,,,,,
mvy-35-1,,mvy,35,nʰaːlũː,nʰaːlũː,,,,,,,,
mvy-39-1,,mvy,39,t͡saːm,t͡saːm,,,,,,,,
mvy-4-1,,mvy,4,taːr,taːr,,,,,,,,
mvy-8-1,,mvy,8,baːʈ,baːʈ,,,,,,,,
mvy-12-1,,mvy,12,suːir,suːir,,,,,,,,
mvy-16-1,,mvy,16,ziːb,ziːb,,,,,,,,
mvy-20-1,,mvy,20,daːn,daːn,,,,,,,,
mvy-24-1,,mvy,24,gaiː,gaiː,,,,,,,,
mvy-28-1,,mvy,28,duː,duː,,,,,,,,
mvy-32-1,,mvy,32,wiː,wiː,,,,,,,,
mvy-36-1,,mvy,36,beh,beh,,,,,,,,
mvy-40-1,,mvy,40,tus,tus,,,,,,,,
isk-1-1,,isk,1,weːn,weːn,,,,,,,,
isk-5-1,,isk,5,wastuk,wastuk,,,,,,,,
isk-9-1,,isk,9,d͡ʒid͡ʒi,d͡ʒid͡ʒi,,,,,,,,
isk-13-1,,isk,13,ɑːʁad,ɑːʁad,,,,,,,,
isk-17-1,,isk,17,məl,məl,,,,,,,,
isk-21-1,,isk,21,kət,kət,,,,,,,,
isk-25-1,,isk,25,pəvd,pəvd,,,,,,,,
isk-29-1,,isk,29,ʁuːl,ʁuːl,,,,,,,,
isk-33-1,,isk,33,t͡sɑːm,t͡sɑːm,,,,,,,,
isk-37-1,,isk,37,rəʃneː,rəʃneː,,,,,,,,
isk-2-1,,isk,2,maːi,maːi,,,,,,,,
isk-6-1,,isk,6,"faj, jɑːlip","faj, jɑːlip",,,,,,,,
isk-10-1,,isk,10,dust,dust,,,,,,,,
isk-14-1,,isk,14,aːpaχt,aːpaχt,,,,,,,,
isk-18-1,,isk,18,ʃɑːχ,ʃɑːχ,,,,,,,,
isk-22-1,,isk,22,aːzəm,aːzəm,,,,,,,,
isk-26-1,,isk,26,zang,zang,,,,,,,,
isk-30-1,,isk,30,barg,barg,,,,,,,,
isk-34-1,,isk,34,d͡ʒigar,d͡ʒigar,,,,,,,,
isk-38-1,,isk,38,spəl,spəl,,,,,,,,
isk-3-1,,isk,3,ɑːlaχ,ɑːlaχ,,,,,,,,
isk-7-1,,isk,7,niːm,niːm,,,,,,,,
isk-11-1,,isk,11,naw,naw,,,,,,,,
isk-15-1,,isk,15,ʃab,ʃab,,,,,,,,
isk-19-1,,isk,19,net͡s,net͡s,,,,,,,,
isk-23-1,,isk,23,wɑːk,wɑːk,,,,,,,,
isk-27-1,,isk,27,ʃɑːval,ʃɑːval,,,,,,,,
isk-31-1,,isk,31,ʃaχs,ʃaχs,,,,,,,,
isk-35-1,,isk,35,wiːnd,wiːnd,,,,,,,,
isk-39-1,,isk,39,krust,krust,,,,,,,,
isk-4-1,,isk,4,stɑːra,stɑːra,,,,,,,,
isk-8-1,,isk,8,song,song,,,,,,,,
isk-12-1,,isk,12,rejmuzd,rejmuzd,,,,,,,,
isk-16-1,,isk,16,zəvuk,zəvuk,,,,,,,,
isk-20-1,,isk,20,daːnd,daːnd,,,,,,,,
isk-24-1,,isk,24,draχt,draχt,,,,,,,,
isk-28-1,,isk,28,duː,duː,,,,,,,,
isk-32-1,,isk,32,veːk,veːk,,,,,,,,
isk-36-1,,isk,36,d͡ʒək,d͡ʒək,,,,,,,,
isk-40-1,,isk,40,ta,ta,,,,,,,,
kls-1-1,,kls,1,lui,lui,,,,,,,,
kls-5-1,,kls,5,aʈʰi,aʈʰi,,,,,,,,
kls-9-1,,kls,9,paːs,paːs,,,,,,,,
kls-13-1,,kls,13,ik,ik,,,,,,,,
kls-17-1,,kls,17,anaːʃaw,anaːʃaw,,,,,,,,
kls-21-1,,kls,21,ʃo˞a,ʃo˞a,,,,,,,,
kls-25-1,,kls,25,pik,pik,,,,,,,,
kls-29-1,,kls,29,ko˞,ko˞,,,,,,,,
kls-33-1,,kls,33,et͡ʃ,et͡ʃ,,,,,,,,
kls-37-1,,kls,37,aŋgaːr,aŋgaːr,,,,,,,,
kls-2-1,,kls,2,mat͡sʰi,mat͡sʰi,,,,,,,,
kls-6-1,,kls,6,puːri,puːri,,,,,,,,
kls-10-1,,kls,10,baza,baza,,,,,,,,
kls-14-1,,kls,14,ko˞ːkarik,ko˞ːkarik,,,,,,,,
kls-18-1,,kls,18,ʂiːŋ,ʂiːŋ,,,,,,,,
kls-22-1,,kls,22,a,a,,,,,,,,
kls-26-1,,kls,26,ɖʰeŋk kuʃuruk,ɖʰeŋk kuʃuruk,,,,,,,,
kls-30-1,,kls,30,po˞,po˞,,,,,,,,
kls-34-1,,kls,34,ʒaŋgu,ʒaŋgu,,,,,,,,
kls-38-1,,kls,38,d͡ʒuk,d͡ʒuk,,,,,,,,
kls-3-1,,kls,3,denta,denta,,,,,,,,
kls-7-1,,kls,7,nom,nom,,,,,,,,
kls-11-1,,kls,11,no˞ːa,no˞ːa,,,,,,,,
kls-15-1,,kls,15,tromiʃ,tromiʃ,,,,,,,,
kls-19-1,,kls,19,nʰaz,nʰaz,,,,,,,,
kls-23-1,,kls,23,ek,ek,,,,,,,,
kls-27-1,,kls,27,pʰond,pʰond,,,,,,,,
kls-31-1,,kls,31,mot͡ʃ,mot͡ʃ,,,,,,,,
kls-35-1,,kls,35,d͡ʒagek,d͡ʒagek,,,,,,,,
kls-39-1,,kls,39,pʰost,pʰost,,,,,,,,
kls-4-1,,kls,4,taːri,taːri,,,,,,,,
kls-8-1,,kls,8,bat,bat,,,,,,,,
kls-12-1,,kls,12,suːri,suːri,,,,,,,,
kls-16-1,,kls,16,d͡ʒip,d͡ʒip,,,,,,,,
kls-20-1,,kls,20,dando˞ːjak,dando˞ːjak,,,,,,,,
kls-24-1,,kls,24,muʈ,muʈ,,,,,,,,
kls-28-1,,kls,28,du,du,,,,,,,,
kls-32-1,,kls,32,uk,uk,,,,,,,,
kls-36-1,,kls,36,aːbi,aːbi,,,,,,,,
kls-40-1,,kls,40,tu,tu,,,,,,,,
xka-1-1,,xka,1,raːt,raːt,,,,,,,,
xka-5-1,,xka,5,aɽʰ,aɽʰ,,,,,,,,
xka-9-1,,xka,9,t͡ʃit͡ʃ,t͡ʃit͡ʃ,,,,,,,,
xka-13-1,,xka,13,jaːl,jaːl,,,,,,,,
xka-17-1,,xka,17,mur,mur,,,,,,,,
xka-21-1,,xka,21,kut͡ʃʰur,kut͡ʃʰur,,,,,,,,
xka-25-1,,xka,25,piːl,piːl,,,,,,,,
xka-29-1,,xka,29,kaːn,kaːn,,,,,,,,
xka-33-1,,xka,33,iʂiː,iʂiː,,,,,,,,
xka-37-1,,xka,37,aŋgaːr,aŋgaːr,,,,,,,,
xka-2-1,,xka,2,mah siːn,mah siːn,,,,,,,,
xka-6-1,,xka,6,t͡ʃʰuːpuːʈ,t͡ʃʰuːpuːʈ,,,,,,,,
xka-10-1,,xka,10,tʰeːr,tʰeːr,,,,,,,,
xka-14-1,,xka,14,bʰud͡ʒil,bʰud͡ʒil,,,,,,,,
xka-18-1,,xka,18,ʂiŋ,ʂiŋ,,,,,,,,
xka-22-1,,xka,22,ma,ma,,,,,,,,
xka-26-1,,xka,26,kuːʈ,kuːʈ,,,,,,,,
xka-30-1,,xka,30,paːt,paːt,,,,,,,,
xka-34-1,,xka,34,d͡ʒagar,d͡ʒagar,,,,,,,,
xka-38-1,,xka,38,d͡ʒiːn,d͡ʒiːn,,,,,,,,
xka-3-1,,xka,3,kʰan,kʰan,,,,,,,,
xka-7-1,,xka,7,naːm,naːm,,,,,,,,
xka-11-1,,xka,11,num,num,,,,,,,,
xka-15-1,,xka,15,raːt,raːt,,,,,,,,
xka-19-1,,xka,19,ʂumur,ʂumur,,,,,,,,
xka-23-1,,xka,23,ak,ak,,,,,,,,
xka-27-1,,xka,27,paːn,paːn,,,,,,,,
xka-31-1,,xka,31,meʔʃ,meʔʃ,,,,,,,,
xka-35-1,,xka,35,naːlil,naːlil,,,,,,,,
xka-39-1,,xka,39,t͡ʃaːm,t͡ʃaːm,,,,,,,,
xka-4-1,,xka,4,taːr,taːr,,,,,,,,
xka-8-1,,xka,8,baːʈ,baːʈ,,,,,,,,
xka-12-1,,xka,12,siːr,siːr,,,,,,,,
xka-16-1,,xka,16,d͡ʒib,d͡ʒib,,,,,,,,
xka-20-1,,xka,20,daːn,daːn,,,,,,,,
xka-24-1,,xka,24,tam,tam,,,,,,,,
xka-28-1,,xka,28,duː,duː,,,,,,,,
xka-32-1,,xka,32,wa,wa,,,,,,,,
xka-36-1,,xka,36,bah,bah,,,,,,,,
xka-40-1,,xka,40,tis,tis,,,,,,,,
xvi-1-1,,xvi,1,ɫuj,ɫuj,,,,,,,,
xvi-5-1,,xvi,5,aːɽi,aːɽi,,,,,,,,
xvi-9-1,,xvi,9,t͡ʃuk,t͡ʃuk,,,,,,,,
xvi-13-1,,xvi,13,oːsə,oːsə,,,,,,,,
xvi-17-1,,xvi,17,maːsə,maːsə,,,,,,,,
xvi-21-1,,xvi,21,kuɻi,kuɻi,,,,,,,,
xvi-25-1,,xvi,25,piːsə,piːsə,,,,,,,,
xvi-29-1,,xvi,29,karmoːɽi,karmoːɽi,,,,,,,,
xvi-33-1,,xvi,33,ɑːt͡ʃeː,ɑːt͡ʃeː,,,,,,,,
xvi-37-1,,xvi,37,aŋɑ,aŋɑ,,,,,,,,
xvi-2-1,,xvi,2,ɑːmat͡si,ɑːmat͡si,,,,,,,,
xvi-6-1,,xvi,6,pareː,pareː,,,,,,,,
xvi-10-1,,xvi,10,dijuʃ,dijuʃ,,,,,,,,
xvi-14-1,,xvi,14,saŋaːsə,saŋaːsə,,,,,,,,
xvi-18-1,,xvi,18,ʂiŋ,ʂiŋ,,,,,,,,
xvi-22-1,,xvi,22,ɑːt͡s,ɑːt͡s,,,,,,,,
xvi-26-1,,xvi,26,d͡zɑ,d͡zɑ,,,,,,,,
xvi-30-1,,xvi,30,pɑr,pɑr,,,,,,,,
xvi-34-1,,xvi,34,jaɻi,jaɻi,,,,,,,,
xvi-38-1,,xvi,38,juː,juː,,,,,,,,
xvi-3-1,,xvi,3,dɑ,dɑ,,,,,,,,
xvi-7-1,,xvi,7,nɑm,nɑm,,,,,,,,
xvi-11-1,,xvi,11,nuĩ,nuĩ,,,,,,,,
xvi-15-1,,xvi,15,ɻadɑr,ɻadɑr,,,,,,,,
xvi-19-1,,xvi,19,nazəː,nazəː,,,,,,,,
xvi-23-1,,xvi,23,eː,eː,,,,,,,,
xvi-27-1,,xvi,27,put,put,,,,,,,,
xvi-31-1,,xvi,31,mand͡ʒi,mand͡ʒi,,,,,,,,
xvi-35-1,,xvi,35,vaɻisə,vaɻisə,,,,,,,,
xvi-39-1,,xvi,39,t͡ʃɑm,t͡ʃɑm,,,,,,,,
xvi-4-1,,xvi,4,ɻaʃtɑ,ɻaʃtɑ,,,,,,,,
xvi-8-1,,xvi,8,vɑʈ,vɑʈ,,,,,,,,
xvi-12-1,,xvi,12,su,su,,,,,,,,
xvi-16-1,,xvi,16,dit͡s,dit͡s,,,,,,,,
xvi-20-1,,xvi,20,dut,dut,,,,,,,,
xvi-24-1,,xvi,24,kalɑ,kalɑ,,,,,,,,
xvi-28-1,,xvi,28,duj,duj,,,,,,,,
xvi-32-1,,xvi,32,ɑː,ɑː,,,,,,,,
xvi-36-1,,xvi,36,iːmɑ,iːmɑ,,,,,,,,
xvi-40-1,,xvi,40,tuj,tuj,,,,,,,,
kas_i-1-1,,kas_i,1,kʰuːn,kʰuːn,,,,,,,,
kas_i-5-1,,kas_i,5,əɖid͡ʒ,əɖid͡ʒ,,,,,,,,
kas_i-9-1,,kas_i,9,siːnɨ,siːnɨ,,,,,,,,
kas_i-13-1,,kas_i,13,jun,jun,,,,,,,,
kas_i-17-1,,kas_i,17,marun,marun,,,,,,,,
kas_i-21-1,,kas_i,21,huːn,huːn,,,,,,,,
kas_i-25-1,,kas_i,25,t͡ʃon,t͡ʃon,,,,,,,,
kas_i-29-1,,kas_i,29,kan,kan,,,,,,,,
kas_i-33-1,,kas_i,33,ət͡ʃʰ,ət͡ʃʰ,,,,,,,,
kas_i-37-1,,kas_i,37,naːr,naːr,,,,,,,,
kas_i-2-1,,kas_i,2,gaːɖ,gaːɖ,,,,,,,,
kas_i-6-1,,kas_i,6,bərɨtʰ,bərɨtʰ,,,,,,,,
kas_i-10-1,,kas_i,10,atʰɨ,atʰɨ,,,,,,,,
kas_i-14-1,,kas_i,14,bɔːzun,bɔːzun,,,,,,,,
kas_i-18-1,,kas_i,18,hʲə̃g,hʲə̃g,,,,,,,,
kas_i-22-1,,kas_i,22,bɨ,bɨ,,,,,,,,
kas_i-26-1,,kas_i,26,kɔːʈʰ,kɔːʈʰ,,,,,,,,
kas_i-30-1,,kas_i,30,pan wətʰɨr,pan wətʰɨr,,,,,,,,
kas_i-34-1,,kas_i,34,krehən maːz,krehən maːz,,,,,,,,
kas_i-38-1,,kas_i,38,zɔːw,zɔːw,,,,,,,,
kas_i-3-1,,kas_i,3,baːl,baːl,,,,,,,,
kas_i-7-1,,kas_i,7,naːw,naːw,,,,,,,,
kas_i-11-1,,kas_i,11,now,now,,,,,,,,
kas_i-15-1,,kas_i,15,raːtʰ,raːtʰ,,,,,,,,
kas_i-19-1,,kas_i,19,nas,nas,,,,,,,,
kas_i-23-1,,kas_i,23,akʰ,akʰ,,,,,,,,
kas_i-27-1,,kas_i,27,watʰ,watʰ,,,,,,,,
kas_i-31-1,,kas_i,31,"napʰər, ʃakʰɨs","napʰər, ʃakʰɨs",,,,,,,,
kas_i-35-1,,kas_i,35,wut͡ʃʰun,wut͡ʃʰun,,,,,,,,
kas_i-39-1,,kas_i,39,mɨslɨ,mɨslɨ,,,,,,,,
kas_i-4-1,,kas_i,4,taːruk,taːruk,,,,,,,,
kas_i-8-1,,kas_i,8,kənʲ,kənʲ,,,,,,,,
kas_i-12-1,,kas_i,12,aːpʰtaːb,aːpʰtaːb,,,,,,,,
kas_i-16-1,,kas_i,16,zʲew,zʲew,,,,,,,,
kas_i-20-1,,kas_i,20,dand,dand,,,,,,,,
kas_i-24-1,,kas_i,24,kul,kul,,,,,,,,
kas_i-28-1,,kas_i,28,zɨ,zɨ,,,,,,,,
kas_i-32-1,,kas_i,32,aːb,aːb,,,,,,,,
kas_i-36-1,,kas_i,36,əsʲ,əsʲ,,,,,,,,
kas_i-40-1,,kas_i,40,"t͡sɨ, tuhʲ","t͡sɨ, tuhʲ",,,,,,,,
kas_p-1-1,,kas_p,1,ratʰ,ratʰ,,,,,,,,
kas_p-5-1,,kas_p,5,ɽid͡ʒ,ɽid͡ʒ,,,,,,,,
kas_p-9-1,,kas_p,9,bab,bab,,,,,,,,
kas_p-13-1,,kas_p,13,wallə,wallə,,,,,,,,
kas_p-17-1,,kas_p,17,mar,mar,,,,,,,,
kas_p-21-1,,kas_p,21,hoːn,hoːn,,,,,,,,
kas_p-25-1,,kas_p,25,t͡ʃe,t͡ʃe,,,,,,,,
kas_p-29-1,,kas_p,29,kan,kan,,,,,,,,
kas_p-33-1,,kas_p,33,ət͡ʃ,ət͡ʃ,,,,,,,,
kas_p-37-1,,kas_p,37,naːr,naːr,,,,,,,,
kas_p-2-1,,kas_p,2,gaːr,gaːr,,,,,,,,
kas_p-6-1,,kas_p,6,bɨritʰ,bɨritʰ,,,,,,,,
kas_p-10-1,,kas_p,10,atʰɨ,atʰɨ,,,,,,,,
kas_p-14-1,,kas_p,14,bɔːz,bɔːz,,,,,,,,
kas_p-18-1,,kas_p,18,hiŋɡ,hiŋɡ,,,,,,,,
kas_p-22-1,,kas_p,22,bɨ,bɨ,,,,,,,,
kas_p-26-1,,kas_p,26,koʈʰ,koʈʰ,,,,,,,,
kas_p-30-1,,kas_p,30,pan pɨtɨr,pan pɨtɨr,,,,,,,,
kas_p-34-1,,kas_p,34,krihən maːz,krihən maːz,,,,,,,,
kas_p-38-1,,kas_p,38,zɔw,zɔw,,,,,,,,
kas_p-3-1,,kas_p,3,pahaːr,pahaːr,,,,,,,,
kas_p-7-1,,kas_p,7,naw,naw,,,,,,,,
kas_p-11-1,,kas_p,11,now,now,,,,,,,,
kas_p-15-1,,kas_p,15,raːtʰ,raːtʰ,,,,,,,,
kas_p-19-1,,kas_p,19,nas,nas,,,,,,,,
kas_p-23-1,,kas_p,23,akʰ,akʰ,,,,,,,,
kas_p-27-1,,kas_p,27,watʰ,watʰ,,,,,,,,
kas_p-31-1,,kas_p,31,mohnju,mohnju,,,,,,,,
kas_p-35-1,,kas_p,35,wɨt͡ʃʰ,wɨt͡ʃʰ,,,,,,,,
kas_p-39-1,,kas_p,39,t͡sam,t͡sam,,,,,,,,
kas_p-4-1,,kas_p,4,taːrokʰ,taːrokʰ,,,,,,,,
kas_p-8-1,,kas_p,8,kãj,kãj,,,,,,,,
kas_p-12-1,,kas_p,12,akʰtaːbɨ,akʰtaːbɨ,,,,,,,,
kas_p-16-1,,kas_p,16,zjo,zjo,,,,,,,,
kas_p-20-1,,kas_p,20,dand,dand,,,,,,,,
kas_p-24-1,,kas_p,24,kul,kul,,,,,,,,
kas_p-28-1,,kas_p,28,zɨ,zɨ,,,,,,,,
kas_p-32-1,,kas_p,32,aːb,aːb,,,,,,,,
kas_p-36-1,,kas_p,36,ɨsʲ,ɨsʲ,,,,,,,,
kas_p-40-1,,kas_p,40,t͡sɨ,t͡sɨ,,,,,,,,
bsh_e-1-1,,bsh_e,1,luj,luj,,,,,,,,
bsh_e-5-1,,bsh_e,5,aːʈi,aːʈi,,,,,,,,
bsh_e-9-1,,bsh_e,9,t͡ʃuk,t͡ʃuk,,,,,,,,
bsh_e-13-1,,bsh_e,13,aːt͡səstə,aːt͡səstə,,,,,,,,
bsh_e-17-1,,bsh_e,17,maɻstə,maɻstə,,,,,,,,
bsh_e-21-1,,bsh_e,21,quɻiː,quɻiː,,,,,,,,
bsh_e-25-1,,bsh_e,25,piːstə,piːstə,,,,,,,,
bsh_e-29-1,,bsh_e,29,karmoːʈi,karmoːʈi,,,,,,,,
bsh_e-33-1,,bsh_e,33,aːt͡ʃeː,aːt͡ʃeː,,,,,,,,
bsh_e-37-1,,bsh_e,37,aŋo,aŋo,,,,,,,,
bsh_e-2-1,,bsh_e,2,ɑːmat͡sə,ɑːmat͡sə,,,,,,,,
bsh_e-6-1,,bsh_e,6,parikərstə,parikərstə,,,,,,,,
bsh_e-10-1,,bsh_e,10,duj,duj,,,,,,,,
bsh_e-14-1,,bsh_e,14,siŋastə,siŋastə,,,,,,,,
bsh_e-18-1,,bsh_e,18,t͡sɑː,t͡sɑː,,,,,,,,
bsh_e-22-1,,bsh_e,22,ut͡s,ut͡s,,,,,,,,
bsh_e-26-1,,bsh_e,26,zɑ̃ː,zɑ̃ː,,,,,,,,
bsh_e-30-1,,bsh_e,30,pɑr,pɑr,,,,,,,,
bsh_e-34-1,,bsh_e,34,jɑɻi,jɑɻi,,,,,,,,
bsh_e-38-1,,bsh_e,38,juː,juː,,,,,,,,
bsh_e-3-1,,bsh_e,3,dɑ,dɑ,,,,,,,,
bsh_e-7-1,,bsh_e,7,nɑm,nɑm,,,,,,,,
bsh_e-11-1,,bsh_e,11,nui,nui,,,,,,,,
bsh_e-15-1,,bsh_e,15,ɻɑdɑr,ɻɑdɑr,,,,,,,,
bsh_e-19-1,,bsh_e,19,nasə,nasə,,,,,,,,
bsh_e-23-1,,bsh_e,23,ev,ev,,,,,,,,
bsh_e-27-1,,bsh_e,27,put,put,,,,,,,,
bsh_e-31-1,,bsh_e,31,mant͡ʃi,mant͡ʃi,,,,,,,,
bsh_e-35-1,,bsh_e,35,vaɻstə,vaɻstə,,,,,,,,
bsh_e-39-1,,bsh_e,39,t͡ʃɑm,t͡ʃɑm,,,,,,,,
bsh_e-4-1,,bsh_e,4,ɻəstɑ,ɻəstɑ,,,,,,,,
bsh_e-8-1,,bsh_e,8,vɑʈ,vɑʈ,,,,,,,,
bsh_e-12-1,,bsh_e,12,su,su,,,,,,,,
bsh_e-16-1,,bsh_e,16,dit͡s,dit͡s,,,,,,,,
bsh_e-20-1,,bsh_e,20,dut,dut,,,,,,,,
bsh_e-24-1,,bsh_e,24,kənɑː,kənɑː,,,,,,,,
bsh_e-28-1,,bsh_e,28,duj,duj,,,,,,,,
bsh_e-32-1,,bsh_e,32,ɑːv,ɑːv,,,,,,,,
bsh_e-36-1,,bsh_e,36,mɑs,mɑs,,,,,,,,
bsh_e-40-1,,bsh_e,40,tuj,tuj,,,,,,,,
bsh_w-1-1,,bsh_w,1,luj,luj,,,,,,,,
bsh_w-5-1,,bsh_w,5,aʈiː,aʈiː,,,,,,,,
bsh_w-9-1,,bsh_w,9,zərwoːtrə,zərwoːtrə,,,,,,,,
bsh_w-13-1,,bsh_w,13,aːt͡səstə,aːt͡səstə,,,,,,,,
bsh_w-17-1,,bsh_w,17,muɻstə,muɻstə,,,,,,,,
bsh_w-21-1,,bsh_w,21,kuɻiː,kuɻiː,,,,,,,,
bsh_w-25-1,,bsh_w,25,pijestə,pijestə,,,,,,,,
bsh_w-29-1,,bsh_w,29,kɑːr,kɑːr,,,,,,,,
bsh_w-33-1,,bsh_w,33,at͡ʃiː,at͡ʃiː,,,,,,,,
bsh_w-37-1,,bsh_w,37,aŋɑ,aŋɑ,,,,,,,,
bsh_w-2-1,,bsh_w,2,mat͡siː,mat͡siː,,,,,,,,
bsh_w-6-1,,bsh_w,6,ɖak,ɖak,,,,,,,,
bsh_w-10-1,,bsh_w,10,duʃt,duʃt,,,,,,,,
bsh_w-14-1,,bsh_w,14,siŋastə,siŋastə,,,,,,,,
bsh_w-18-1,,bsh_w,18,kɑːʈ,kɑːʈ,,,,,,,,
bsh_w-22-1,,bsh_w,22,wuza,wuza,,,,,,,,
bsh_w-26-1,,bsh_w,26,zɑː,zɑː,,,,,,,,
bsh_w-30-1,,bsh_w,30,pɑːr,pɑːr,,,,,,,,
bsh_w-34-1,,bsh_w,34,jɑɻi,jɑɻi,,,,,,,,
bsh_w-38-1,,bsh_w,38,ju,ju,,,,,,,,
bsh_w-3-1,,bsh_w,3,paːʃiː,paːʃiː,,,,,,,,
bsh_w-7-1,,bsh_w,7,nɑm kajʃtasə,nɑm kajʃtasə,,,,,,,,
bsh_w-11-1,,bsh_w,11,nuiː,nuiː,,,,,,,,
bsh_w-15-1,,bsh_w,15,ɻadora,ɻadora,,,,,,,,
bsh_w-19-1,,bsh_w,19,nasə,nasə,,,,,,,,
bsh_w-23-1,,bsh_w,23,ew,ew,,,,,,,,
bsh_w-27-1,,bsh_w,27,put,put,,,,,,,,
bsh_w-31-1,,bsh_w,31,χudiwuza,χudiwuza,,,,,,,,
bsh_w-35-1,,bsh_w,35,wuɻastə,wuɻastə,,,,,,,,
bsh_w-39-1,,bsh_w,39,t͡ʃɑːm,t͡ʃɑːm,,,,,,,,
bsh_w-4-1,,bsh_w,4,ʃtɑː,ʃtɑː,,,,,,,,
bsh_w-8-1,,bsh_w,8,wɑːʈ,wɑːʈ,,,,,,,,
bsh_w-12-1,,bsh_w,12,suwej,suwej,,,,,,,,
bsh_w-16-1,,bsh_w,16,wəriː,wəriː,,,,,,,,
bsh_w-20-1,,bsh_w,20,dut,dut,,,,,,,,
bsh_w-24-1,,bsh_w,24,ʃtum,ʃtum,,,,,,,,
bsh_w-28-1,,bsh_w,28,diju,diju,,,,,,,,
bsh_w-32-1,,bsh_w,32,ɑːwə,ɑːwə,,,,,,,,
bsh_w-36-1,,bsh_w,36,mɑːs,mɑːs,,,,,,,,
bsh_w-40-1,,bsh_w,40,tiju,tiju,,,,,,,,
khw-1-1,,khw,1,lej,lej,,,,,,,,
khw-5-1,,khw,5,koɬ,koɬ,,,,,,,,
khw-9-1,,khw,9,pap,pap,,,,,,,,
khw-13-1,,khw,13,gik,gik,,,,,,,,
khw-17-1,,khw,17,brik,brik,,,,,,,,
khw-21-1,,khw,21,reni,reni,,,,,,,,
khw-25-1,,khw,25,piːk,piːk,,,,,,,,
khw-29-1,,khw,29,kaːr,kaːr,,,,,,,,
khw-33-1,,khw,33,ʁet͡ʃ,ʁet͡ʃ,,,,,,,,
khw-37-1,,khw,37,aŋgaːr,aŋgaːr,,,,,,,,
khw-2-1,,khw,2,mat͡ʃʰi,mat͡ʃʰi,,,,,,,,
khw-6-1,,khw,6,ʈip,ʈip,,,,,,,,
khw-10-1,,khw,10,host,host,,,,,,,,
khw-14-1,,khw,14,ka(ː)r korik,ka(ː)r korik,,,,,,,,
khw-18-1,,khw,18,sruŋg,sruŋg,,,,,,,,
khw-22-1,,khw,22,awa,awa,,,,,,,,
khw-26-1,,khw,26,zanu,zanu,,,,,,,,
khw-30-1,,khw,30,ʈ͡ʂʰan,ʈ͡ʂʰan,,,,,,,,
khw-34-1,,khw,34,d͡ʒigaːr,d͡ʒigaːr,,,,,,,,
khw-38-1,,khw,38,ʒoːʁ,ʒoːʁ,,,,,,,,
khw-3-1,,khw,3,zom,zom,,,,,,,,
khw-7-1,,khw,7,nam,nam,,,,,,,,
khw-11-1,,khw,11,noʁ,noʁ,,,,,,,,
khw-15-1,,khw,15,t͡ʃuj,t͡ʃuj,,,,,,,,
khw-19-1,,khw,19,niskar,niskar,,,,,,,,
khw-23-1,,khw,23,i,i,,,,,,,,
khw-27-1,,khw,27,"rah, poːn","rah, poːn",,,,,,,,
khw-31-1,,khw,31,moːʃ,moːʃ,,,,,,,,
khw-35-1,,khw,35,loɬik,loɬik,,,,,,,,
khw-39-1,,khw,39,pʰost,pʰost,,,,,,,,
khw-4-1,,khw,4,istari,istari,,,,,,,,
khw-8-1,,khw,8,boht,boht,,,,,,,,
khw-12-1,,khw,12,joːr,joːr,,,,,,,,
khw-16-1,,khw,16,ligini,ligini,,,,,,,,
khw-20-1,,khw,20,don,don,,,,,,,,
khw-24-1,,khw,24,kan,kan,,,,,,,,
khw-28-1,,khw,28,d͡ʒu,d͡ʒu,,,,,,,,
khw-32-1,,khw,32,uːʁ,uːʁ,,,,,,,,
khw-36-1,,khw,36,ispa,ispa,,,,,,,,
khw-40-1,,khw,40,"pis, tu","pis, tu",,,,,,,,
plk-1-1,,plk,1,leːl,leːl,,,,,,,,
plk-5-1,,plk,5,ãːʈʰi̥,ãːʈʰi̥,,,,,,,,
plk-9-1,,plk,9,t͡ɕit͡ɕi̥,t͡ɕit͡ɕi̥,,,,,,,,
plk-13-1,,plk,13,eh,eh,,,,,,,,
plk-17-1,,plk,17,miriɕ,miriɕ,,,,,,,,
plk-21-1,,plk,21,ɕũː,ɕũː,,,,,,,,
plk-25-1,,plk,25,pijoːn,pijoːn,,,,,,,,
plk-29-1,,plk,29,koːɳ,koːɳ,,,,,,,,
plk-33-1,,plk,33,aʈ͡ʂʰiː,aʈ͡ʂʰiː,,,,,,,,
plk-37-1,,plk,37,hagaːr,hagaːr,,,,,,,,
plk-2-1,,plk,2,t͡ɕubu̥,t͡ɕubu̥,,,,,,,,
plk-6-1,,plk,6,puːɳu̥,puːɳu̥,,,,,,,,
plk-10-1,,plk,10,hat,hat,,,,,,,,
plk-14-1,,plk,14,ʂuɳoːn,ʂuɳoːn,,,,,,,,
plk-18-1,,plk,18,ʂigu̥,ʂigu̥,,,,,,,,
plk-22-1,,plk,22,mõː,mõː,,,,,,,,
plk-26-1,,plk,26,kuʈʰu̥,kuʈʰu̥,,,,,,,,
plk-30-1,,plk,30,paʈʰu̥,paʈʰu̥,,,,,,,,
plk-34-1,,plk,34,hijuː,hijuː,,,,,,,,
plk-38-1,,plk,38,ʑũː,ʑũː,,,,,,,,
plk-3-1,,plk,3,kʰoɳ,kʰoɳ,,,,,,,,
plk-7-1,,plk,7,num,num,,,,,,,,
plk-11-1,,plk,11,nõː,nõː,,,,,,,,
plk-15-1,,plk,15,raːti̥,raːti̥,,,,,,,,
plk-19-1,,plk,19,noːtʰu̥,noːtʰu̥,,,,,,,,
plk-23-1,,plk,23,ek,ek,,,,,,,,
plk-27-1,,plk,27,pon,pon,,,,,,,,
plk-31-1,,plk,31,muɕaː,muɕaː,,,,,,,,
plk-35-1,,plk,35,ʈ͡ʂakoːn,ʈ͡ʂakoːn,,,,,,,,
plk-39-1,,plk,39,t͡ɕom,t͡ɕom,,,,,,,,
plk-4-1,,plk,4,taːru̥,taːru̥,,,,,,,,
plk-8-1,,plk,8,baʈ,baʈ,,,,,,,,
plk-12-1,,plk,12,suːri̥,suːri̥,,,,,,,,
plk-16-1,,plk,16,ʑip,ʑip,,,,,,,,
plk-20-1,,plk,20,don,don,,,,,,,,
plk-24-1,,plk,24,tom,tom,,,,,,,,
plk-28-1,,plk,28,duː,duː,,,,,,,,
plk-32-1,,plk,32,woe,woe,,,,,,,,
plk-36-1,,plk,36,beh,beh,,,,,,,,
plk-40-1,,plk,40,"tu, t͡sʰo","tu, t͡sʰo",,,,,,,,
shd-1-1,,shd,1,raːt,raːt,,,,,,,,
shd-5-1,,shd,5,heːɽ,heːɽ,,,,,,,,
shd-9-1,,shd,9,siːna,siːna,,,,,,,,
shd-13-1,,shd,13,je,je,,,,,,,,
shd-17-1,,shd,17,mer,mer,,,,,,,,
shd-21-1,,shd,21,kut͡ɕur,kut͡ɕur,,,,,,,,
shd-25-1,,shd,25,piː,piː,,,,,,,,
shd-29-1,,shd,29,kaːn,kaːn,,,,,,,,
shd-33-1,,shd,33,aɕ,aɕ,,,,,,,,
shd-37-1,,shd,37,aŋgaːr,aŋgaːr,,,,,,,,
shd-2-1,,shd,2,meːt͡ɕʰe,meːt͡ɕʰe,,,,,,,,
shd-6-1,,shd,6,puːrgul,puːrgul,,,,,,,,
shd-10-1,,shd,10,haːtʰ,haːtʰ,,,,,,,,
shd-14-1,,shd,14,ɕun,ɕun,,,,,,,,
shd-18-1,,shd,18,ɕiːŋ,ɕiːŋ,,,,,,,,
shd-22-1,,shd,22,mã,mã,,,,,,,,
shd-26-1,,shd,26,kĩːɽ,kĩːɽ,,,,,,,,
shd-30-1,,shd,30,pan,pan,,,,,,,,
shd-34-1,,shd,34,kleːd͡ʑe,kleːd͡ʑe,,,,,,,,
shd-38-1,,shd,38,d͡ʑũː,d͡ʑũː,,,,,,,,
shd-3-1,,shd,3,baʈoː,baʈoː,,,,,,,,
shd-7-1,,shd,7,nã,nã,,,,,,,,
shd-11-1,,shd,11,nãw,nãw,,,,,,,,
shd-15-1,,shd,15,ratãː,ratãː,,,,,,,,
shd-19-1,,shd,19,natʰ,natʰ,,,,,,,,
shd-23-1,,shd,23,jokʰ,jokʰ,,,,,,,,
shd-27-1,,shd,27,goːr,goːr,,,,,,,,
shd-31-1,,shd,31,mẽːt͡ɕ,mẽːt͡ɕ,,,,,,,,
shd-35-1,,shd,35,raku,raku,,,,,,,,
shd-39-1,,shd,39,"fataːu, d͡ʑamɽə","fataːu, d͡ʑamɽə",,,,,,,,
shd-4-1,,shd,4,taːr,taːr,,,,,,,,
shd-8-1,,shd,8,baʈoː,baʈoː,,,,,,,,
shd-12-1,,shd,12,siːr,siːr,,,,,,,,
shd-16-1,,shd,16,d͡ʑib,d͡ʑib,,,,,,,,
shd-20-1,,shd,20,daːnd,daːnd,,,,,,,,
shd-24-1,,shd,24,muʈ,muʈ,,,,,,,,
shd-28-1,,shd,28,duːi,duːi,,,,,,,,
shd-32-1,,shd,32,paːni,paːni,,,,,,,,
shd-36-1,,shd,36,asũː,asũː,,,,,,,,
shd-40-1,,shd,40,tu,tu,,,,,,,,
kir-1-1,,kir,1,qɑn,qɑn,,,,,,,,
kir-5-1,,kir,5,søk,søk,,,,,,,,
kir-9-1,,kir,9,imt͡ʃek,imt͡ʃek,,,,,,,,
kir-13-1,,kir,13,kildi,kildi,,,,,,,,
kir-17-1,,kir,17,øldø,øldø,,,,,,,,
kir-21-1,,kir,21,it,it,,,,,,,,
kir-25-1,,kir,25,it͡ʃ,it͡ʃ,,,,,,,,
kir-29-1,,kir,29,qulaq,qulaq,,,,,,,,
kir-33-1,,kir,33,køz,køz,,,,,,,,
kir-37-1,,kir,37,ot,ot,,,,,,,,
kir-2-1,,kir,2,bɑlɯq,bɑlɯq,,,,,,,,
kir-6-1,,kir,6,d͡ʒiq,d͡ʒiq,,,,,,,,
kir-10-1,,kir,10,qol,qol,,,,,,,,
kir-14-1,,kir,14,uqan,uqan,,,,,,,,
kir-18-1,,kir,18,myjyz,myjyz,,,,,,,,
kir-22-1,,kir,22,men,men,,,,,,,,
kir-26-1,,kir,26,tize,tize,,,,,,,,
kir-30-1,,kir,30,berk,berk,,,,,,,,
kir-34-1,,kir,34,bor,bor,,,,,,,,
kir-38-1,,kir,38,pit,pit,,,,,,,,
kir-3-1,,kir,3,qɯr,qɯr,,,,,,,,
kir-7-1,,kir,7,ɑt,ɑt,,,,,,,,
kir-11-1,,kir,11,d͡ʒanqɯ,d͡ʒanqɯ,,,,,,,,
kir-15-1,,kir,15,tyn,tyn,,,,,,,,
kir-19-1,,kir,19,moron,moron,,,,,,,,
kir-23-1,,kir,23,bir,bir,,,,,,,,
kir-27-1,,kir,27,d͡ʒor,d͡ʒor,,,,,,,,
kir-31-1,,kir,31,adam,adam,,,,,,,,
kir-35-1,,kir,35,kɯrgi,kɯrgi,,,,,,,,
kir-39-1,,kir,39,teri,teri,,,,,,,,
kir-4-1,,kir,4,d͡ʒildɯz,d͡ʒildɯz,,,,,,,,
kir-8-1,,kir,8,tɑʃ,tɑʃ,,,,,,,,
kir-12-1,,kir,12,nur,nur,,,,,,,,
kir-16-1,,kir,16,til,til,,,,,,,,
kir-20-1,,kir,20,kørgøn,kørgøn,,,,,,,,
kir-24-1,,kir,24,terik,terik,,,,,,,,
kir-28-1,,kir,28,eki,eki,,,,,,,,
kir-32-1,,kir,32,su,su,,,,,,,,
kir-36-1,,kir,36,ɑj,ɑj,,,,,,,,
kir-40-1,,kir,40,sen,sen,,,,,,,,
lbj-1-1,,lbj,1,ʈʰak,ʈʰak,,,,,,,,
lbj-5-1,,lbj,5,ruspa,ruspa,,,,,,,,
lbj-9-1,,lbj,9,ʈaŋ,ʈaŋ,,,,,,,,
lbj-13-1,,lbj,13,joŋ,joŋ,,,,,,,,
lbj-17-1,,lbj,17,ʃi,ʃi,,,,,,,,
lbj-21-1,,lbj,21,kʰi,kʰi,,,,,,,,
lbj-25-1,,lbj,25,tʰuŋ,tʰuŋ,,,,,,,,
lbj-29-1,,lbj,29,namt͡ʃok,namt͡ʃok,,,,,,,,
lbj-33-1,,lbj,33,mik,mik,,,,,,,,
lbj-37-1,,lbj,37,me,me,,,,,,,,
lbj-2-1,,lbj,2,ɲa,ɲa,,,,,,,,
lbj-6-1,,lbj,6,gaŋte,gaŋte,,,,,,,,
lbj-10-1,,lbj,10,lakpa,lakpa,,,,,,,,
lbj-14-1,,lbj,14,ɲon,ɲon,,,,,,,,
lbj-18-1,,lbj,18,rut͡ʃo,rut͡ʃo,,,,,,,,
lbj-22-1,,lbj,22,ŋa,ŋa,,,,,,,,
lbj-26-1,,lbj,26,pikmo,pikmo,,,,,,,,
lbj-30-1,,lbj,30,lotma,lotma,,,,,,,,
lbj-34-1,,lbj,34,t͡ʃʰimpa,t͡ʃʰimpa,,,,,,,,
lbj-38-1,,lbj,38,ʃik,ʃik,,,,,,,,
lbj-3-1,,lbj,3,ri,ri,,,,,,,,
lbj-7-1,,lbj,7,miŋ,miŋ,,,,,,,,
lbj-11-1,,lbj,11,soma,soma,,,,,,,,
lbj-15-1,,lbj,15,t͡sʰan,t͡sʰan,,,,,,,,
lbj-19-1,,lbj,19,nakuŋ,nakuŋ,,,,,,,,
lbj-23-1,,lbj,23,t͡ʃik,t͡ʃik,,,,,,,,
lbj-27-1,,lbj,27,lam,lam,,,,,,,,
lbj-31-1,,lbj,31,mi,mi,,,,,,,,
lbj-35-1,,lbj,35,ltos,ltos,,,,,,,,
lbj-39-1,,lbj,39,pakspa,pakspa,,,,,,,,
lbj-4-1,,lbj,4,skarma,skarma,,,,,,,,
lbj-8-1,,lbj,8,rdoa,rdoa,,,,,,,,
lbj-12-1,,lbj,12,ɲima,ɲima,,,,,,,,
lbj-16-1,,lbj,16,lt͡ʃʰe,lt͡ʃʰe,,,,,,,,
lbj-20-1,,lbj,20,so,so,,,,,,,,
lbj-24-1,,lbj,24,lt͡ʃʰaŋma,lt͡ʃʰaŋma,,,,,,,,
lbj-28-1,,lbj,28,ɲis,ɲis,,,,,,,,
lbj-32-1,,lbj,32,t͡ʃʰu,t͡ʃʰu,,,,,,,,
lbj-36-1,,lbj,36,ŋaʒa,ŋaʒa,,,,,,,,
lbj-40-1,,lbj,40,kʰoraŋ,kʰoraŋ,,,,,,,,
mnj-1-1,,mnj,1,iːne,iːne,,,,,,,,
mnj-5-1,,mnj,5,jastiː,jastiː,,,,,,,,
mnj-9-1,,mnj,9,"pisteːn, ʃciːn","pisteːn, ʃciːn",,,,,,,,
mnj-13-1,,mnj,13,ɑːʁajɑː,ɑːʁajɑː,,,,,,,,
mnj-17-1,,mnj,17,mərɑː,mərɑː,,,,,,,,
mnj-21-1,,mnj,21,ʁɑːlv,ʁɑːlv,,,,,,,,
mnj-25-1,,mnj,25,ʃemdɑː,ʃemdɑː,,,,,,,,
mnj-29-1,,mnj,29,ʁuːj,ʁuːj,,,,,,,,
mnj-33-1,,mnj,33,t͡ʃɑːm,t͡ʃɑːm,,,,,,,,
mnj-37-1,,mnj,37,juːr,juːr,,,,,,,,
mnj-2-1,,mnj,2,bkɑː,bkɑː,,,,,,,,
mnj-6-1,,mnj,6,qalɑːt,qalɑːt,,,,,,,,
mnj-10-1,,mnj,10,lɑːst,lɑːst,,,,,,,,
mnj-14-1,,mnj,14,nəʁəʃcɑː,nəʁəʃcɑː,,,,,,,,
mnj-18-1,,mnj,18,ʃuw,ʃuw,,,,,,,,
mnj-22-1,,mnj,22,ze,ze,,,,,,,,
mnj-26-1,,mnj,26,ziːng,ziːng,,,,,,,,
mnj-30-1,,mnj,30,barg,barg,,,,,,,,
mnj-34-1,,mnj,34,d͡ʒigar,d͡ʒigar,,,,,,,,
mnj-38-1,,mnj,38,spəje,spəje,,,,,,,,
mnj-3-1,,mnj,3,saːste,saːste,,,,,,,,
mnj-7-1,,mnj,7,nɑːm,nɑːm,,,,,,,,
mnj-11-1,,mnj,11,nuwiː,nuwiː,,,,,,,,
mnj-15-1,,mnj,15,χəʃawe,χəʃawe,,,,,,,,
mnj-19-1,,mnj,19,fəskeː,fəskeː,,,,,,,,
mnj-23-1,,mnj,23,juː,juː,,,,,,,,
mnj-27-1,,mnj,27,pɑːnde,pɑːnde,,,,,,,,
mnj-31-1,,mnj,31,ɑːdem,ɑːdem,,,,,,,,
mnj-35-1,,mnj,35,ləʃcɑː,ləʃcɑː,,,,,,,,
mnj-39-1,,mnj,39,kaːrɑːst,kaːrɑːst,,,,,,,,
mnj-4-1,,mnj,4,stɑːriː,stɑːriː,,,,,,,,
mnj-8-1,,mnj,8,kwiːke,kwiːke,,,,,,,,
mnj-12-1,,mnj,12,miːrɑː,miːrɑː,,,,,,,,
mnj-16-1,,mnj,16,zəviːʁ,zəviːʁ,,,,,,,,
mnj-20-1,,mnj,20,lɑːnd,lɑːnd,,,,,,,,
mnj-24-1,,mnj,24,aːwste,aːwste,,,,,,,,
mnj-28-1,,mnj,28,ləː,ləː,,,,,,,,
mnj-32-1,,mnj,32,jɑːwʁe,jɑːwʁe,,,,,,,,
mnj-36-1,,mnj,36,mɑːχ,mɑːχ,,,,,,,,
mnj-40-1,,mnj,40,təː,təː,,,,,,,,
phr-1-1,,phr,1,rat,rat,,,,,,,,
phr-5-1,,phr,5,haɖi,haɖi,,,,,,,,
phr-9-1,,phr,9,t͡ʃʰaːti,t͡ʃʰaːti,,,,,,,,
phr-13-1,,phr,13,at͡ʃʰ,at͡ʃʰ,,,,,,,,
phr-17-1,,phr,17,mari gija moːja,mari gija moːja,,,,,,,,
phr-21-1,,phr,21,kota,kota,,,,,,,,
phr-25-1,,phr,25,piː,piː,,,,,,,,
phr-29-1,,phr,29,kan,kan,,,,,,,,
phr-33-1,,phr,33,akʰ,akʰ,,,,,,,,
phr-37-1,,phr,37,agʰ,agʰ,,,,,,,,
phr-2-1,,phr,2,mat͡ʃʰi,mat͡ʃʰi,,,,,,,,
phr-6-1,,phr,6,parjaː waː,parjaː waː,,,,,,,,
phr-10-1,,phr,10,hatʰ,hatʰ,,,,,,,,
phr-14-1,,phr,14,bod͡ʒ,bod͡ʒ,,,,,,,,
phr-18-1,,phr,18,siŋ,siŋ,,,,,,,,
phr-22-1,,phr,22,meː,meː,,,,,,,,
phr-26-1,,phr,26,giʈa,giʈa,,,,,,,,
phr-30-1,,phr,30,patar,patar,,,,,,,,
phr-34-1,,phr,34,kaleːd͡ʒa,kaleːd͡ʒa,,,,,,,,
phr-38-1,,phr,38,d͡ʒũː,d͡ʒũː,,,,,,,,
phr-3-1,,phr,3,"ʈaki, paːr","ʈaki, paːr",,,,,,,,
phr-7-1,,phr,7,nãː,nãː,,,,,,,,
phr-11-1,,phr,11,nawã,nawã,,,,,,,,
phr-15-1,,phr,15,raːt,raːt,,,,,,,,
phr-19-1,,phr,19,nak,nak,,,,,,,,
phr-23-1,,phr,23,ek,ek,,,,,,,,
phr-27-1,,phr,27,raː,raː,,,,,,,,
phr-31-1,,phr,31,d͡ʒaɽa,d͡ʒaɽa,,,,,,,,
phr-35-1,,phr,35,takɽa,takɽa,,,,,,,,
phr-39-1,,phr,39,t͡ʃamɽi,t͡ʃamɽi,,,,,,,,
phr-4-1,,phr,4,taːra,taːra,,,,,,,,
phr-8-1,,phr,8,"baʈːa, ʈʰol","baʈːa, ʈʰol",,,,,,,,
phr-12-1,,phr,12,dẽː,dẽː,,,,,,,,
phr-16-1,,phr,16,d͡ʒiːw,d͡ʒiːw,,,,,,,,
phr-20-1,,phr,20,dand,dand,,,,,,,,
phr-24-1,,phr,24,buːʈa,buːʈa,,,,,,,,
phr-28-1,,phr,28,doː,doː,,,,,,,,
phr-32-1,,phr,32,paːɳi,paːɳi,,,,,,,,
phr-36-1,,phr,36,asãː,asãː,,,,,,,,
phr-40-1,,phr,40,tuː,tuː,,,,,,,,
phl-1-1,,phl,1,râːt,râːt,,,,,,,,
phl-5-1,,phl,5,haɳɖúk,haɳɖúk,,,,,,,,
phl-9-1,,phl,9,t͡ʃít͡ʃi,t͡ʃít͡ʃi,,,,,,,,
phl-13-1,,phl,13,jʰajnǐː,jʰajnǐː,,,,,,,,
phl-17-1,,phl,17,marajnǐː,marajnǐː,,,,,,,,
phl-21-1,,phl,21,kut͡ʃúro,kut͡ʃúro,,,,,,,,
phl-25-1,,phl,25,pilajnǐː,pilajnǐː,,,,,,,,
phl-29-1,,phl,29,kâːɳ,kâːɳ,,,,,,,,
phl-33-1,,phl,33,aʈ͡ʂîː,aʈ͡ʂîː,,,,,,,,
phl-37-1,,phl,37,aŋgôːr,aŋgôːr,,,,,,,,
phl-2-1,,phl,2,reːmát͡s,reːmát͡s,,,,,,,,
phl-6-1,,phl,6,purá,purá,,,,,,,,
phl-10-1,,phl,10,hǎːt,hǎːt,,,,,,,,
phl-14-1,,phl,14,ʂúɳajnǐː,ʂúɳajnǐː,,,,,,,,
phl-18-1,,phl,18,ʂiŋg,ʂiŋg,,,,,,,,
phl-22-1,,phl,22,ma,ma,,,,,,,,
phl-26-1,,phl,26,kʰúʈo,kʰúʈo,,,,,,,,
phl-30-1,,phl,30,paːlǎː,paːlǎː,,,,,,,,
phl-34-1,,phl,34,d͡ʒʰaŋgǎːr,d͡ʒʰaŋgǎːr,,,,,,,,
phl-38-1,,phl,38,d͡ʒʰĩ̌,d͡ʒʰĩ̌,,,,,,,,
phl-3-1,,phl,3,kʰâːɳ,kʰâːɳ,,,,,,,,
phl-7-1,,phl,7,nôː,nôː,,,,,,,,
phl-11-1,,phl,11,nâːwu,nâːwu,,,,,,,,
phl-15-1,,phl,15,rǎːt,rǎːt,,,,,,,,
phl-19-1,,phl,19,nâːs,nâːs,,,,,,,,
phl-23-1,,phl,23,âːk,âːk,,,,,,,,
phl-27-1,,phl,27,pâːn,pâːn,,,,,,,,
phl-31-1,,phl,31,mîːʃ,mîːʃ,,,,,,,,
phl-35-1,,phl,35,paʃajnǐː,paʃajnǐː,,,,,,,,
phl-39-1,,phl,39,t͡ʃâːm,t͡ʃâːm,,,,,,,,
phl-4-1,,phl,4,tôːro,tôːro,,,,,,,,
phl-8-1,,phl,8,bâːʈ,bâːʈ,,,,,,,,
phl-12-1,,phl,12,sûːri,sûːri,,,,,,,,
phl-16-1,,phl,16,d͡ʒip,d͡ʒip,,,,,,,,
phl-20-1,,phl,20,dâːnd,dâːnd,,,,,,,,
phl-24-1,,phl,24,muʈ,muʈ,,,,,,,,
phl-28-1,,phl,28,dûː,dûː,,,,,,,,
phl-32-1,,phl,32,wîː,wîː,,,,,,,,
phl-36-1,,phl,36,be,be,,,,,,,,
phl-40-1,,phl,40,tu,tu,,,,,,,,
prc-1-1,,prc,1,hin,hin,,,,,,,,
prc-5-1,,prc,5,ustuχɑːn,ustuχɑːn,,,,,,,,
prc-9-1,,prc,9,siz,siz,,,,,,,,
prc-13-1,,prc,13,ɑːʁu,ɑːʁu,,,,,,,,
prc-17-1,,prc,17,muɽu,muɽu,,,,,,,,
prc-21-1,,prc,21,espuː,espuː,,,,,,,,
prc-25-1,,prc,25,tuɽuː,tuɽuː,,,,,,,,
prc-29-1,,prc,29,guːʃ,guːʃ,,,,,,,,
prc-33-1,,prc,33,tet͡ʃ,tet͡ʃ,,,,,,,,
prc-37-1,,prc,37,riːne,riːne,,,,,,,,
prc-2-1,,prc,2,mɑːhi,mɑːhi,,,,,,,,
prc-6-1,,prc,6,ɖak,ɖak,,,,,,,,
prc-10-1,,prc,10,dust,dust,,,,,,,,
prc-14-1,,prc,14,hatu,hatu,,,,,,,,
prc-18-1,,prc,18,ʃɑːχ,ʃɑːχ,,,,,,,,
prc-22-1,,prc,22,ɑːn,ɑːn,,,,,,,,
prc-26-1,,prc,26,zɑːnuː,zɑːnuː,,,,,,,,
prc-30-1,,prc,30,puːn,puːn,,,,,,,,
prc-34-1,,prc,34,d͡ʒigar,d͡ʒigar,,,,,,,,
prc-38-1,,prc,38,espo,espo,,,,,,,,
prc-3-1,,prc,3,dahɑːr,dahɑːr,,,,,,,,
prc-7-1,,prc,7,nɑːm,nɑːm,,,,,,,,
prc-11-1,,prc,11,nuː,nuː,,,,,,,,
prc-15-1,,prc,15,vijɑːr,vijɑːr,,,,,,,,
prc-19-1,,prc,19,niʃt,niʃt,,,,,,,,
prc-23-1,,prc,23,ʒu,ʒu,,,,,,,,
prc-27-1,,prc,27,parɑːn,parɑːn,,,,,,,,
prc-31-1,,prc,31,nafar,nafar,,,,,,,,
prc-35-1,,prc,35,duɽuː,duɽuː,,,,,,,,
prc-39-1,,prc,39,pust,pust,,,,,,,,
prc-4-1,,prc,4,sətɑːra,sətɑːra,,,,,,,,
prc-8-1,,prc,8,ger,ger,,,,,,,,
prc-12-1,,prc,12,rut͡ʃ,rut͡ʃ,,,,,,,,
prc-16-1,,prc,16,bɑːn,bɑːn,,,,,,,,
prc-20-1,,prc,20,danɑːn,danɑːn,,,,,,,,
prc-24-1,,prc,24,bʰiːn,bʰiːn,,,,,,,,
prc-28-1,,prc,28,diː,diː,,,,,,,,
prc-32-1,,prc,32,aw,aw,,,,,,,,
prc-36-1,,prc,36,mɑː,mɑː,,,,,,,,
prc-40-1,,prc,40,tuː,tuː,,,,,,,,
psh_ai-1-1,,psh_ai,1,aːr,aːr,,,,,,,,
psh_ai-5-1,,psh_ai,5,aʈaː,aʈaː,,,,,,,,
psh_ai-9-1,,psh_ai,9,t͡ʃut͡ʃuː,t͡ʃut͡ʃuː,,,,,,,,
psh_ai-13-1,,psh_ai,13,ajiːk,ajiːk,,,,,,,,
psh_ai-17-1,,psh_ai,17,muɽiːk,muɽiːk,,,,,,,,
psh_ai-21-1,,psh_ai,21,ʃuːng,ʃuːng,,,,,,,,
psh_ai-25-1,,psh_ai,25,pijiːk,pijiːk,,,,,,,,
psh_ai-29-1,,psh_ai,29,kahaːj,kahaːj,,,,,,,,
psh_ai-33-1,,psh_ai,33,at͡ʃiː,at͡ʃiː,,,,,,,,
psh_ai-37-1,,psh_ai,37,laːne,laːne,,,,,,,,
psh_ai-2-1,,psh_ai,2,maːt͡se,maːt͡se,,,,,,,,
psh_ai-6-1,,psh_ai,6,aːt͡ʃe,aːt͡ʃe,,,,,,,,
psh_ai-10-1,,psh_ai,10,haːst,haːst,,,,,,,,
psh_ai-14-1,,psh_ai,14,kahaːj d͡ʒajiːk,kahaːj d͡ʒajiːk,,,,,,,,
psh_ai-18-1,,psh_ai,18,ʂaːng,ʂaːng,,,,,,,,
psh_ai-22-1,,psh_ai,22,mam,mam,,,,,,,,
psh_ai-26-1,,psh_ai,26,kaːɽ,kaːɽ,,,,,,,,
psh_ai-30-1,,psh_ai,30,paʈaː,paʈaː,,,,,,,,
psh_ai-34-1,,psh_ai,34,haːɽ,haːɽ,,,,,,,,
psh_ai-38-1,,psh_ai,38,ʒuː,ʒuː,,,,,,,,
psh_ai-3-1,,psh_ai,3,dahaːr,dahaːr,,,,,,,,
psh_ai-7-1,,psh_ai,7,naːm,naːm,,,,,,,,
psh_ai-11-1,,psh_ai,11,naːng,naːng,,,,,,,,
psh_ai-15-1,,psh_ai,15,wijaːl,wijaːl,,,,,,,,
psh_ai-19-1,,psh_ai,19,naːst,naːst,,,,,,,,
psh_ai-23-1,,psh_ai,23,iː,iː,,,,,,,,
psh_ai-27-1,,psh_ai,27,paːnde,paːnde,,,,,,,,
psh_ai-31-1,,psh_ai,31,aːdam,aːdam,,,,,,,,
psh_ai-35-1,,psh_ai,35,diːk,diːk,,,,,,,,
psh_ai-39-1,,psh_ai,39,pustaːk,pustaːk,,,,,,,,
psh_ai-4-1,,psh_ai,4,sətaːraː,sətaːraː,,,,,,,,
psh_ai-8-1,,psh_ai,8,zaːmb,zaːmb,,,,,,,,
psh_ai-12-1,,psh_ai,12,sura,sura,,,,,,,,
psh_ai-16-1,,psh_ai,16,d͡ʒiba,d͡ʒiba,,,,,,,,
psh_ai-20-1,,psh_ai,20,daːnd,daːnd,,,,,,,,
psh_ai-24-1,,psh_ai,24,butaː,butaː,,,,,,,,
psh_ai-28-1,,psh_ai,28,doː,doː,,,,,,,,
psh_ai-32-1,,psh_ai,32,warajk,warajk,,,,,,,,
psh_ai-36-1,,psh_ai,36,hama,hama,,,,,,,,
psh_ai-40-1,,psh_ai,40,tu,tu,,,,,,,,
psi_ar-1-1,,psi_ar,1,aːʃ,aːʃ,,,,,,,,
psi_ar-5-1,,psi_ar,5,anʈiː,anʈiː,,,,,,,,
psi_ar-9-1,,psi_ar,9,t͡ʃət͡ʃuː,t͡ʃət͡ʃuː,,,,,,,,
psi_ar-13-1,,psi_ar,13,"jaː, ik","jaː, ik",,,,,,,,
psi_ar-17-1,,psi_ar,17,lig,lig,,,,,,,,
psi_ar-21-1,,psi_ar,21,ʃuɽing,ʃuɽing,,,,,,,,
psi_ar-25-1,,psi_ar,25,pejk,pejk,,,,,,,,
psi_ar-29-1,,psi_ar,29,"χaːl, arejk","χaːl, arejk",,,,,,,,
psi_ar-33-1,,psi_ar,33,ant͡ʃ,ant͡ʃ,,,,,,,,
psi_ar-37-1,,psi_ar,37,aːr,aːr,,,,,,,,
psi_ar-2-1,,psi_ar,2,maːt͡ʃ,maːt͡ʃ,,,,,,,,
psi_ar-6-1,,psi_ar,6,"ɖak, purwaː","ɖak, purwaː",,,,,,,,
psi_ar-10-1,,psi_ar,10,aːs,aːs,,,,,,,,
psi_ar-14-1,,psi_ar,14,arejk,arejk,,,,,,,,
psi_ar-18-1,,psi_ar,18,ʃing,ʃing,,,,,,,,
psi_ar-22-1,,psi_ar,22,mam,mam,,,,,,,,
psi_ar-26-1,,psi_ar,26,kuʈaː,kuʈaː,,,,,,,,
psi_ar-30-1,,psi_ar,30,paʈik,paʈik,,,,,,,,
psi_ar-34-1,,psi_ar,34,d͡ʒigar,d͡ʒigar,,,,,,,,
psi_ar-38-1,,psi_ar,38,ʒuː,ʒuː,,,,,,,,
psi_ar-3-1,,psi_ar,3,daːr,daːr,,,,,,,,
psi_ar-7-1,,psi_ar,7,naːm,naːm,,,,,,,,
psi_ar-11-1,,psi_ar,11,"nungaː, nuwaː","nungaː, nuwaː",,,,,,,,
psi_ar-15-1,,psi_ar,15,wel,wel,,,,,,,,
psi_ar-19-1,,psi_ar,19,naːs,naːs,,,,,,,,
psi_ar-23-1,,psi_ar,23,"aj, iː","aj, iː",,,,,,,,
psi_ar-27-1,,psi_ar,27,"pan , paegaː bandaː","pan , paegaː bandaː",,,,,,,,
psi_ar-31-1,,psi_ar,31,"bandaː, aːdəmiː, nafar","bandaː, aːdəmiː, nafar",,,,,,,,
psi_ar-35-1,,psi_ar,35,leʃik,leʃik,,,,,,,,
psi_ar-39-1,,psi_ar,39,pust,pust,,,,,,,,
psi_ar-4-1,,psi_ar,4,sətaːraː,sətaːraː,,,,,,,,
psi_ar-8-1,,psi_ar,8,"waːɽ, karaɽaː","waːɽ, karaɽaː",,,,,,,,
psi_ar-12-1,,psi_ar,12,sər,sər,,,,,,,,
psi_ar-16-1,,psi_ar,16,ʒəb,ʒəb,,,,,,,,
psi_ar-20-1,,psi_ar,20,daːn,daːn,,,,,,,,
psi_ar-24-1,,psi_ar,24,"d͡ʒal, kaɽik","d͡ʒal, kaɽik",,,,,,,,
psi_ar-28-1,,psi_ar,28,də,də,,,,,,,,
psi_ar-32-1,,psi_ar,32,warik,warik,,,,,,,,
psi_ar-36-1,,psi_ar,36,ama,ama,,,,,,,,
psi_ar-40-1,,psi_ar,40,ima,ima,,,,,,,,
glh_ag-1-1,,glh_ag,1,oːr,oːr,,,,,,,,
glh_ag-5-1,,glh_ag,5,aːʈu,aːʈu,,,,,,,,
glh_ag-9-1,,glh_ag,9,t͡ʃut͡ʃu,t͡ʃut͡ʃu,,,,,,,,
glh_ag-13-1,,glh_ag,13,jaː,jaː,,,,,,,,
glh_ag-17-1,,glh_ag,17,məɽ,məɽ,,,,,,,,
glh_ag-21-1,,glh_ag,21,ʃuŋ,ʃuŋ,,,,,,,,
glh_ag-25-1,,glh_ag,25,piːja,piːja,,,,,,,,
glh_ag-29-1,,glh_ag,29,keːʈiː,keːʈiː,,,,,,,,
glh_ag-33-1,,glh_ag,33,at͡ʃiː,at͡ʃiː,,,,,,,,
glh_ag-37-1,,glh_ag,37,aːŋguɽ,aːŋguɽ,,,,,,,,
glh_ag-2-1,,glh_ag,2,masaʈiː,masaʈiː,,,,,,,,
glh_ag-6-1,,glh_ag,6,dal,dal,,,,,,,,
glh_ag-10-1,,glh_ag,10,oːst,oːst,,,,,,,,
glh_ag-14-1,,glh_ag,14,kand͡ʒaːni,kand͡ʒaːni,,,,,,,,
glh_ag-18-1,,glh_ag,18,ʃaŋgaʈi,ʃaŋgaʈi,,,,,,,,
glh_ag-22-1,,glh_ag,22,moː,moː,,,,,,,,
glh_ag-26-1,,glh_ag,26,"gunɖu, koːɽ","gunɖu, koːɽ",,,,,,,,
glh_ag-30-1,,glh_ag,30,paːʈu,paːʈu,,,,,,,,
glh_ag-34-1,,glh_ag,34,d͡ʒigar,d͡ʒigar,,,,,,,,
glh_ag-38-1,,glh_ag,38,ʒuː,ʒuː,,,,,,,,
glh_ag-3-1,,glh_ag,3,duːr,duːr,,,,,,,,
glh_ag-7-1,,glh_ag,7,num,num,,,,,,,,
glh_ag-11-1,,glh_ag,11,nuwe. nuŋgu,nuwe. nuŋgu,,,,,,,,
glh_ag-15-1,,glh_ag,15,weːle,weːle,,,,,,,,
glh_ag-19-1,,glh_ag,19,noːs,noːs,,,,,,,,
glh_ag-23-1,,glh_ag,23,i,i,,,,,,,,
glh_ag-27-1,,glh_ag,27,paːndə,paːndə,,,,,,,,
glh_ag-31-1,,glh_ag,31,"aːdam, nafar, ʃaχs","aːdam, nafar, ʃaχs",,,,,,,,
glh_ag-35-1,,glh_ag,35,dijani,dijani,,,,,,,,
glh_ag-39-1,,glh_ag,39,poːstak,poːstak,,,,,,,,
glh_ag-4-1,,glh_ag,4,sətaːru,sətaːru,,,,,,,,
glh_ag-8-1,,glh_ag,8,zomb,zomb,,,,,,,,
glh_ag-12-1,,glh_ag,12,sər,sər,,,,,,,,
glh_ag-16-1,,glh_ag,16,d͡ʒibə,d͡ʒibə,,,,,,,,
glh_ag-20-1,,glh_ag,20,daːndə,daːndə,,,,,,,,
glh_ag-24-1,,glh_ag,24,kaʈiː,kaʈiː,,,,,,,,
glh_ag-28-1,,glh_ag,28,doː,doː,,,,,,,,
glh_ag-32-1,,glh_ag,32,urgə,urgə,,,,,,,,
glh_ag-36-1,,glh_ag,36,hama,hama,,,,,,,,
glh_ag-40-1,,glh_ag,40,tə,tə,,,,,,,,
psi_am-1-1,,psi_am,1,aːʃ,aːʃ,,,,,,,,
psi_am-5-1,,psi_am,5,anʈiː,anʈiː,,,,,,,,
psi_am-9-1,,psi_am,9,t͡ʃut͡ʃu,t͡ʃut͡ʃu,,,,,,,,
psi_am-13-1,,psi_am,13,iːm,iːm,,,,,,,,
psi_am-17-1,,psi_am,17,liːkaːlaː,liːkaːlaː,,,,,,,,
psi_am-21-1,,psi_am,21,ʃuːɽiŋ,ʃuːɽiŋ,,,,,,,,
psi_am-25-1,,psi_am,25,pek,pek,,,,,,,,
psi_am-29-1,,psi_am,29,kaːɽ,kaːɽ,,,,,,,,
psi_am-33-1,,psi_am,33,ajnt͡ʃ,ajnt͡ʃ,,,,,,,,
psi_am-37-1,,psi_am,37,aŋgaːr,aŋgaːr,,,,,,,,
psi_am-2-1,,psi_am,2,maːt͡ʃ,maːt͡ʃ,,,,,,,,
psi_am-6-1,,psi_am,6,puːrawaː,puːrawaː,,,,,,,,
psi_am-10-1,,psi_am,10,aːs,aːs,,,,,,,,
psi_am-14-1,,psi_am,14,aːreːm,aːreːm,,,,,,,,
psi_am-18-1,,psi_am,18,ʃuŋgɽaː,ʃuŋgɽaː,,,,,,,,
psi_am-22-1,,psi_am,22,mam,mam,,,,,,,,
psi_am-26-1,,psi_am,26,kuʈa,kuʈa,,,,,,,,
psi_am-30-1,,psi_am,30,paʈək,paʈək,,,,,,,,
psi_am-34-1,,psi_am,34,d͡ʒigar,d͡ʒigar,,,,,,,,
psi_am-38-1,,psi_am,38,ʒu,ʒu,,,,,,,,
psi_am-3-1,,psi_am,3,daːr,daːr,,,,,,,,
psi_am-7-1,,psi_am,7,naːmi,naːmi,,,,,,,,
psi_am-11-1,,psi_am,11,nuŋgaː,nuŋgaː,,,,,,,,
psi_am-15-1,,psi_am,15,wejl,wejl,,,,,,,,
psi_am-19-1,,psi_am,19,naːs,naːs,,,,,,,,
psi_am-23-1,,psi_am,23,i,i,,,,,,,,
psi_am-27-1,,psi_am,27,pan,pan,,,,,,,,
psi_am-31-1,,psi_am,31,aːdami,aːdami,,,,,,,,
psi_am-35-1,,psi_am,35,lajkam,lajkam,,,,,,,,
psi_am-39-1,,psi_am,39,t͡ʃumpaɽa,t͡ʃumpaɽa,,,,,,,,
psi_am-4-1,,psi_am,4,taːraː,taːraː,,,,,,,,
psi_am-8-1,,psi_am,8,waːɽ,waːɽ,,,,,,,,
psi_am-12-1,,psi_am,12,sor,sor,,,,,,,,
psi_am-16-1,,psi_am,16,d͡ʒəb,d͡ʒəb,,,,,,,,
psi_am-20-1,,psi_am,20,daːn,daːn,,,,,,,,
psi_am-24-1,,psi_am,24,kaɽək,kaɽək,,,,,,,,
psi_am-28-1,,psi_am,28,duː,duː,,,,,,,,
psi_am-32-1,,psi_am,32,warik,warik,,,,,,,,
psi_am-36-1,,psi_am,36,aːma,aːma,,,,,,,,
psi_am-40-1,,psi_am,40,tə,tə,,,,,,,,
aee_at-1-1,,aee_at,1,oːstr,oːstr,,,,,,,,
aee_at-5-1,,aee_at,5,aʈi,aʈi,,,,,,,,
aee_at-9-1,,aee_at,9,t͡ʃut͡ʃu,t͡ʃut͡ʃu,,,,,,,,
aee_at-13-1,,aee_at,13,ek,ek,,,,,,,,
aee_at-17-1,,aee_at,17,lik,lik,,,,,,,,
aee_at-21-1,,aee_at,21,ʃuɽiŋ,ʃuɽiŋ,,,,,,,,
aee_at-25-1,,aee_at,25,peːk,peːk,,,,,,,,
aee_at-29-1,,aee_at,29,χoːɽ,χoːɽ,,,,,,,,
aee_at-33-1,,aee_at,33,ãːt͡ʃ,ãːt͡ʃ,,,,,,,,
aee_at-37-1,,aee_at,37,aːr,aːr,,,,,,,,
aee_at-2-1,,aee_at,2,maːt͡ʃ,maːt͡ʃ,,,,,,,,
aee_at-6-1,,aee_at,6,ɖak,ɖak,,,,,,,,
aee_at-10-1,,aee_at,10,oːst,oːst,,,,,,,,
aee_at-14-1,,aee_at,14,aːrik,aːrik,,,,,,,,
aee_at-18-1,,aee_at,18,ʃaŋ,ʃaŋ,,,,,,,,
aee_at-22-1,,aee_at,22,aː,aː,,,,,,,,
aee_at-26-1,,aee_at,26,ɖuwaː,ɖuwaː,,,,,,,,
aee_at-30-1,,aee_at,30,paʈək,paʈək,,,,,,,,
aee_at-34-1,,aee_at,34,aːɽ,aːɽ,,,,,,,,
aee_at-38-1,,aee_at,38,ʒuː,ʒuː,,,,,,,,
aee_at-3-1,,aee_at,3,doːr,doːr,,,,,,,,
aee_at-7-1,,aee_at,7,nom,nom,,,,,,,,
aee_at-11-1,,aee_at,11,naga,naga,,,,,,,,
aee_at-15-1,,aee_at,15,wijal,wijal,,,,,,,,
aee_at-19-1,,aee_at,19,noːs,noːs,,,,,,,,
aee_at-23-1,,aee_at,23,eː,eː,,,,,,,,
aee_at-27-1,,aee_at,27,pan,pan,,,,,,,,
aee_at-31-1,,aee_at,31,mut͡ʃak,mut͡ʃak,,,,,,,,
aee_at-35-1,,aee_at,35,lat͡ʃeːk,lat͡ʃeːk,,,,,,,,
aee_at-39-1,,aee_at,39,pəst,pəst,,,,,,,,
aee_at-4-1,,aee_at,4,tajaːk,tajaːk,,,,,,,,
aee_at-8-1,,aee_at,8,kaːmar,kaːmar,,,,,,,,
aee_at-12-1,,aee_at,12,sur,sur,,,,,,,,
aee_at-16-1,,aee_at,16,zib,zib,,,,,,,,
aee_at-20-1,,aee_at,20,don,don,,,,,,,,
aee_at-24-1,,aee_at,24,d͡ʒaːl,d͡ʒaːl,,,,,,,,
aee_at-28-1,,aee_at,28,duː,duː,,,,,,,,
aee_at-32-1,,aee_at,32,warək,warək,,,,,,,,
aee_at-36-1,,aee_at,36,aːma,aːma,,,,,,,,
aee_at-40-1,,aee_at,40,tu,tu,,,,,,,,
aee_ch-1-1,,aee_ch,1,oːʃ,oːʃ,,,,,,,,
aee_ch-5-1,,aee_ch,5,aːʈi,aːʈi,,,,,,,,
aee_ch-9-1,,aee_ch,9,t͡suːt͡su,t͡suːt͡su,,,,,,,,
aee_ch-13-1,,aee_ch,13,eːk,eːk,,,,,,,,
aee_ch-17-1,,aee_ch,17,lik,lik,,,,,,,,
aee_ch-21-1,,aee_ch,21,ʃuɽiŋ,ʃuɽiŋ,,,,,,,,
aee_ch-25-1,,aee_ch,25,pik? [pic],pik? [pic],,,,,,,,
aee_ch-29-1,,aee_ch,29,χoɽ,χoɽ,,,,,,,,
aee_ch-33-1,,aee_ch,33,at͡s,at͡s,,,,,,,,
aee_ch-37-1,,aee_ch,37,oːŋgor,oːŋgor,,,,,,,,
aee_ch-2-1,,aee_ch,2,maːj,maːj,,,,,,,,
aee_ch-6-1,,aee_ch,6,pəruwo,pəruwo,,,,,,,,
aee_ch-10-1,,aee_ch,10,oːs,oːs,,,,,,,,
aee_ch-14-1,,aee_ch,14,aːrak,aːrak,,,,,,,,
aee_ch-18-1,,aee_ch,18,ʃin,ʃin,,,,,,,,
aee_ch-22-1,,aee_ch,22,a,a,,,,,,,,
aee_ch-26-1,,aee_ch,26,χoɽ,χoɽ,,,,,,,,
aee_ch-30-1,,aee_ch,30,paʈek,paʈek,,,,,,,,
aee_ch-34-1,,aee_ch,34,zəɽ,zəɽ,,,,,,,,
aee_ch-38-1,,aee_ch,38,ju,ju,,,,,,,,
aee_ch-3-1,,aee_ch,3,Izor,Izor,,,,,,,,
aee_ch-7-1,,aee_ch,7,nom,nom,,,,,,,,
aee_ch-11-1,,aee_ch,11,nawe,nawe,,,,,,,,
aee_ch-15-1,,aee_ch,15,wel,wel,,,,,,,,
aee_ch-19-1,,aee_ch,19,noːs,noːs,,,,,,,,
aee_ch-23-1,,aee_ch,23,jə,jə,,,,,,,,
aee_ch-27-1,,aee_ch,27,paːn,paːn,,,,,,,,
aee_ch-31-1,,aee_ch,31,kas,kas,,,,,,,,
aee_ch-35-1,,aee_ch,35,paɽajk,paɽajk,,,,,,,,
aee_ch-39-1,,aee_ch,39,pəst,pəst,,,,,,,,
aee_ch-4-1,,aee_ch,4,leːtoro,leːtoro,,,,,,,,
aee_ch-8-1,,aee_ch,8,woɽ,woɽ,,,,,,,,
aee_ch-12-1,,aee_ch,12,sur,sur,,,,,,,,
aee_ch-16-1,,aee_ch,16,ziːb,ziːb,,,,,,,,
aee_ch-20-1,,aee_ch,20,don,don,,,,,,,,
aee_ch-24-1,,aee_ch,24,zol,zol,,,,,,,,
aee_ch-28-1,,aee_ch,28,du,du,,,,,,,,
aee_ch-32-1,,aee_ch,32,waːrik,waːrik,,,,,,,,
aee_ch-36-1,,aee_ch,36,ama,ama,,,,,,,,
aee_ch-40-1,,aee_ch,40,tu,tu,,,,,,,,
aee_kg-1-1,,aee_kg,1,oːjs,oːjs,,,,,,,,
aee_kg-5-1,,aee_kg,5,anʈiː,anʈiː,,,,,,,,
aee_kg-9-1,,aee_kg,9,t͡sut͡suː,t͡sut͡suː,,,,,,,,
aee_kg-13-1,,aee_kg,13,jeː,jeː,,,,,,,,
aee_kg-17-1,,aee_kg,17,liːk,liːk,,,,,,,,
aee_kg-21-1,,aee_kg,21,ʃuɽiŋ,ʃuɽiŋ,,,,,,,,
aee_kg-25-1,,aee_kg,25,peːm,peːm,,,,,,,,
aee_kg-29-1,,aee_kg,29,χow,χow,,,,,,,,
aee_kg-33-1,,aee_kg,33,aːjt͡s,aːjt͡s,,,,,,,,
aee_kg-37-1,,aee_kg,37,aːngoː,aːngoː,,,,,,,,
aee_kg-2-1,,aee_kg,2,maːjs,maːjs,,,,,,,,
aee_kg-6-1,,aee_kg,6,purjuwo,purjuwo,,,,,,,,
aee_kg-10-1,,aee_kg,10,oːs,oːs,,,,,,,,
aee_kg-14-1,,aee_kg,14,arajm,arajm,,,,,,,,
aee_kg-18-1,,aee_kg,18,ʃiŋ,ʃiŋ,,,,,,,,
aee_kg-22-1,,aee_kg,22,aː,aː,,,,,,,,
aee_kg-26-1,,aee_kg,26,pinɖr,pinɖr,,,,,,,,
aee_kg-30-1,,aee_kg,30,paːʈek,paːʈek,,,,,,,,
aee_kg-34-1,,aee_kg,34,aːndet,aːndet,,,,,,,,
aee_kg-38-1,,aee_kg,38,jiw,jiw,,,,,,,,
aee_kg-3-1,,aee_kg,3,doːr,doːr,,,,,,,,
aee_kg-7-1,,aee_kg,7,nom,nom,,,,,,,,
aee_kg-11-1,,aee_kg,11,nawaj,nawaj,,,,,,,,
aee_kg-15-1,,aee_kg,15,wel,wel,,,,,,,,
aee_kg-19-1,,aee_kg,19,noːs,noːs,,,,,,,,
aee_kg-23-1,,aee_kg,23,jeː,jeː,,,,,,,,
aee_kg-27-1,,aee_kg,27,paːn,paːn,,,,,,,,
aee_kg-31-1,,aee_kg,31,mut͡seːk,mut͡seːk,,,,,,,,
aee_kg-35-1,,aee_kg,35,meːleːim,meːleːim,,,,,,,,
aee_kg-39-1,,aee_kg,39,pəs,pəs,,,,,,,,
aee_kg-4-1,,aee_kg,4,lajtaroː,lajtaroː,,,,,,,,
aee_kg-8-1,,aee_kg,8,woː,woː,,,,,,,,
aee_kg-12-1,,aee_kg,12,sur,sur,,,,,,,,
aee_kg-16-1,,aee_kg,16,zib,zib,,,,,,,,
aee_kg-20-1,,aee_kg,20,don,don,,,,,,,,
aee_kg-24-1,,aee_kg,24,zal,zal,,,,,,,,
aee_kg-28-1,,aee_kg,28,duː,duː,,,,,,,,
aee_kg-32-1,,aee_kg,32,warik,warik,,,,,,,,
aee_kg-36-1,,aee_kg,36,ama,ama,,,,,,,,
aee_kg-40-1,,aee_kg,40,tu,tu,,,,,,,,
glh_sn-1-1,,glh_sn,1,oːr,oːr,,,,,,,,
glh_sn-5-1,,glh_sn,5,ustuχul,ustuχul,,,,,,,,
glh_sn-9-1,,glh_sn,9,t͡ʃit͡ʃuː,t͡ʃit͡ʃuː,,,,,,,,
glh_sn-13-1,,glh_sn,13,aːid,aːid,,,,,,,,
glh_sn-17-1,,glh_sn,17,muɽiːk,muɽiːk,,,,,,,,
glh_sn-21-1,,glh_sn,21,ʃung,ʃung,,,,,,,,
glh_sn-25-1,,glh_sn,25,pediːk,pediːk,,,,,,,,
glh_sn-29-1,,glh_sn,29,kuj,kuj,,,,,,,,
glh_sn-33-1,,glh_sn,33,at͡ʃuj,at͡ʃuj,,,,,,,,
glh_sn-37-1,,glh_sn,37,iʃnaːiː,iʃnaːiː,,,,,,,,
glh_sn-2-1,,glh_sn,2,maːiː,maːiː,,,,,,,,
glh_sn-6-1,,glh_sn,6,lep,lep,,,,,,,,
glh_sn-10-1,,glh_sn,10,oːst,oːst,,,,,,,,
glh_sn-14-1,,glh_sn,14,kuj d͡ʒahik,kuj d͡ʒahik,,,,,,,,
glh_sn-18-1,,glh_sn,18,ʃuχ,ʃuχ,,,,,,,,
glh_sn-22-1,,glh_sn,22,aː,aː,,,,,,,,
glh_sn-26-1,,glh_sn,26,koːɽ,koːɽ,,,,,,,,
glh_sn-30-1,,glh_sn,30,poːʈ,poːʈ,,,,,,,,
glh_sn-34-1,,glh_sn,34,d͡ʒigaːr,d͡ʒigaːr,,,,,,,,
glh_sn-38-1,,glh_sn,38,ʒu,ʒu,,,,,,,,
glh_sn-3-1,,glh_sn,3,doːr,doːr,,,,,,,,
glh_sn-7-1,,glh_sn,7,noːm,noːm,,,,,,,,
glh_sn-11-1,,glh_sn,11,nung,nung,,,,,,,,
glh_sn-15-1,,glh_sn,15,weːla,weːla,,,,,,,,
glh_sn-19-1,,glh_sn,19,noːst,noːst,,,,,,,,
glh_sn-23-1,,glh_sn,23,iː,iː,,,,,,,,
glh_sn-27-1,,glh_sn,27,paːnde,paːnde,,,,,,,,
glh_sn-31-1,,glh_sn,31,aːdam,aːdam,,,,,,,,
glh_sn-35-1,,glh_sn,35,datoː,datoː,,,,,,,,
glh_sn-39-1,,glh_sn,39,puːstuːk,puːstuːk,,,,,,,,
glh_sn-4-1,,glh_sn,4,sətaːruː,sətaːruː,,,,,,,,
glh_sn-8-1,,glh_sn,8,zumb,zumb,,,,,,,,
glh_sn-12-1,,glh_sn,12,səra,səra,,,,,,,,
glh_sn-16-1,,glh_sn,16,d͡ʒiba,d͡ʒiba,,,,,,,,
glh_sn-20-1,,glh_sn,20,doːnd,doːnd,,,,,,,,
glh_sn-24-1,,glh_sn,24,kungaːl,kungaːl,,,,,,,,
glh_sn-28-1,,glh_sn,28,dowal,dowal,,,,,,,,
glh_sn-32-1,,glh_sn,32,oːrga,oːrga,,,,,,,,
glh_sn-36-1,,glh_sn,36,amaː,amaː,,,,,,,,
glh_sn-40-1,,glh_sn,40,te,te,,,,,,,,
aee_sh-1-1,,aee_sh,1,oːʃt,oːʃt,,,,,,,,
aee_sh-5-1,,aee_sh,5,aːʈi,aːʈi,,,,,,,,
aee_sh-9-1,,aee_sh,9,t͡sut͡su,t͡sut͡su,,,,,,,,
aee_sh-13-1,,aee_sh,13,iːk,iːk,,,,,,,,
aee_sh-17-1,,aee_sh,17,lik,lik,,,,,,,,
aee_sh-21-1,,aee_sh,21,ʃuɽiŋ,ʃuɽiŋ,,,,,,,,
aee_sh-25-1,,aee_sh,25,peːk,peːk,,,,,,,,
aee_sh-29-1,,aee_sh,29,χoːɽ,χoːɽ,,,,,,,,
aee_sh-33-1,,aee_sh,33,aːt͡ʃ,aːt͡ʃ,,,,,,,,
aee_sh-37-1,,aee_sh,37,oŋgor,oŋgor,,,,,,,,
aee_sh-2-1,,aee_sh,2,maːi,maːi,,,,,,,,
aee_sh-6-1,,aee_sh,6,purjuwa,purjuwa,,,,,,,,
aee_sh-10-1,,aee_sh,10,oːs,oːs,,,,,,,,
aee_sh-14-1,,aee_sh,14,arajk,arajk,,,,,,,,
aee_sh-18-1,,aee_sh,18,ʃiŋ,ʃiŋ,,,,,,,,
aee_sh-22-1,,aee_sh,22,a,a,,,,,,,,
aee_sh-26-1,,aee_sh,26,ɖuhaw,ɖuhaw,,,,,,,,
aee_sh-30-1,,aee_sh,30,paːɽek,paːɽek,,,,,,,,
aee_sh-34-1,,aee_sh,34,eːɽ,eːɽ,,,,,,,,
aee_sh-38-1,,aee_sh,38,jəw,jəw,,,,,,,,
aee_sh-3-1,,aee_sh,3,daːr,daːr,,,,,,,,
aee_sh-7-1,,aee_sh,7,nom,nom,,,,,,,,
aee_sh-11-1,,aee_sh,11,nagaː,nagaː,,,,,,,,
aee_sh-15-1,,aee_sh,15,wel,wel,,,,,,,,
aee_sh-19-1,,aee_sh,19,noːs,noːs,,,,,,,,
aee_sh-23-1,,aee_sh,23,jeː,jeː,,,,,,,,
aee_sh-27-1,,aee_sh,27,pan,pan,,,,,,,,
aee_sh-31-1,,aee_sh,31,mut͡sək,mut͡sək,,,,,,,,
aee_sh-35-1,,aee_sh,35,paɽajk,paɽajk,,,,,,,,
aee_sh-39-1,,aee_sh,39,pəst,pəst,,,,,,,,
aee_sh-4-1,,aee_sh,4,litaːra,litaːra,,,,,,,,
aee_sh-8-1,,aee_sh,8,woɽ,woɽ,,,,,,,,
aee_sh-12-1,,aee_sh,12,suːr,suːr,,,,,,,,
aee_sh-16-1,,aee_sh,16,zib,zib,,,,,,,,
aee_sh-20-1,,aee_sh,20,daːn,daːn,,,,,,,,
aee_sh-24-1,,aee_sh,24,zol,zol,,,,,,,,
aee_sh-28-1,,aee_sh,28,duː,duː,,,,,,,,
aee_sh-32-1,,aee_sh,32,warajk,warajk,,,,,,,,
aee_sh-36-1,,aee_sh,36,aːma,aːma,,,,,,,,
aee_sh-40-1,,aee_sh,40,tuː,tuː,,,,,,,,
pbu_a-1-1,,pbu_a,1,wiːna,wiːna,,,,,,,,
pbu_a-5-1,,pbu_a,5,haɖuke,haɖuke,,,,,,,,
pbu_a-9-1,,pbu_a,9,teː,teː,,,,,,,,
pbu_a-13-1,,pbu_a,13,raːtləl,raːtləl,,,,,,,,
pbu_a-17-1,,pbu_a,17,məɽəkeːdəl,məɽəkeːdəl,,,,,,,,
pbu_a-21-1,,pbu_a,21,speː,speː,,,,,,,,
pbu_a-25-1,,pbu_a,25,t͡sxəl,t͡sxəl,,,,,,,,
pbu_a-29-1,,pbu_a,29,ʁwag,ʁwag,,,,,,,,
pbu_a-33-1,,pbu_a,33,stərga,stərga,,,,,,,,
pbu_a-37-1,,pbu_a,37,oːr,oːr,,,,,,,,
pbu_a-2-1,,pbu_a,2,kab,kab,,,,,,,,
pbu_a-6-1,,pbu_a,6,ɖak,ɖak,,,,,,,,
pbu_a-10-1,,pbu_a,10,laːs,laːs,,,,,,,,
pbu_a-14-1,,pbu_a,14,oːreːdəl,oːreːdəl,,,,,,,,
pbu_a-18-1,,pbu_a,18,xkar,xkar,,,,,,,,
pbu_a-22-1,,pbu_a,22,zə,zə,,,,,,,,
pbu_a-26-1,,pbu_a,26,zangun,zangun,,,,,,,,
pbu_a-30-1,,pbu_a,30,paːɳa,paːɳa,,,,,,,,
pbu_a-34-1,,pbu_a,34,d͡ʒigar,d͡ʒigar,,,,,,,,
pbu_a-38-1,,pbu_a,38,spəga,spəga,,,,,,,,
pbu_a-3-1,,pbu_a,3,ʁar,ʁar,,,,,,,,
pbu_a-7-1,,pbu_a,7,num,num,,,,,,,,
pbu_a-11-1,,pbu_a,11,nəwe,nəwe,,,,,,,,
pbu_a-15-1,,pbu_a,15,ʃpa,ʃpa,,,,,,,,
pbu_a-19-1,,pbu_a,19,poːza,poːza,,,,,,,,
pbu_a-23-1,,pbu_a,23,jaw,jaw,,,,,,,,
pbu_a-27-1,,pbu_a,27,laːra,laːra,,,,,,,,
pbu_a-31-1,,pbu_a,31,saɽeː,saɽeː,,,,,,,,
pbu_a-35-1,,pbu_a,35,liːdəl,liːdəl,,,,,,,,
pbu_a-39-1,,pbu_a,39,poːstəke,poːstəke,,,,,,,,
pbu_a-4-1,,pbu_a,4,stoːre,stoːre,,,,,,,,
pbu_a-8-1,,pbu_a,8,tiːga,tiːga,,,,,,,,
pbu_a-12-1,,pbu_a,12,lmar,lmar,,,,,,,,
pbu_a-16-1,,pbu_a,16,d͡ʒəba,d͡ʒəba,,,,,,,,
pbu_a-20-1,,pbu_a,20,ʁaːx,ʁaːx,,,,,,,,
pbu_a-24-1,,pbu_a,24,wəna,wəna,,,,,,,,
pbu_a-28-1,,pbu_a,28,dwa,dwa,,,,,,,,
pbu_a-32-1,,pbu_a,32,oːbə,oːbə,,,,,,,,
pbu_a-36-1,,pbu_a,36,mung,mung,,,,,,,,
pbu_a-40-1,,pbu_a,40,tə,tə,,,,,,,,
pbu_i-1-1,,pbu_i,1,wiːna,wiːna,,,,,,,,
pbu_i-5-1,,pbu_i,5,aɖukeː,aɖukeː,,,,,,,,
pbu_i-9-1,,pbu_i,9,sina,sina,,,,,,,,
pbu_i-13-1,,pbu_i,13,raːza,raːza,,,,,,,,
pbu_i-17-1,,pbu_i,17,mərg,mərg,,,,,,,,
pbu_i-21-1,,pbu_i,21,speː,speː,,,,,,,,
pbu_i-25-1,,pbu_i,25,skəl,skəl,,,,,,,,
pbu_i-29-1,,pbu_i,29,ʁwag,ʁwag,,,,,,,,
pbu_i-33-1,,pbu_i,33,stərga,stərga,,,,,,,,
pbu_i-37-1,,pbu_i,37,oːr,oːr,,,,,,,,
pbu_i-2-1,,pbu_i,2,majeː,majeː,,,,,,,,
pbu_i-6-1,,pbu_i,6,ɖak,ɖak,,,,,,,,
pbu_i-10-1,,pbu_i,10,laːs,laːs,,,,,,,,
pbu_i-14-1,,pbu_i,14,awreːdə,awreːdə,,,,,,,,
pbu_i-18-1,,pbu_i,18,χkər,χkər,,,,,,,,
pbu_i-22-1,,pbu_i,22,zə,zə,,,,,,,,
pbu_i-26-1,,pbu_i,26,zangun,zangun,,,,,,,,
pbu_i-30-1,,pbu_i,30,paːɳa,paːɳa,,,,,,,,
pbu_i-34-1,,pbu_i,34,---,---,,,,,,,,
pbu_i-38-1,,pbu_i,38,spəga,spəga,,,,,,,,
pbu_i-3-1,,pbu_i,3,ʁər,ʁər,,,,,,,,
pbu_i-7-1,,pbu_i,7,num,num,,,,,,,,
pbu_i-11-1,,pbu_i,11,nawe,nawe,,,,,,,,
pbu_i-15-1,,pbu_i,15,ʃpa,ʃpa,,,,,,,,
pbu_i-19-1,,pbu_i,19,poːza,poːza,,,,,,,,
pbu_i-23-1,,pbu_i,23,jaw,jaw,,,,,,,,
pbu_i-27-1,,pbu_i,27,laːr,laːr,,,,,,,,
pbu_i-31-1,,pbu_i,31,tan,tan,,,,,,,,
pbu_i-35-1,,pbu_i,35,katlə,katlə,,,,,,,,
pbu_i-39-1,,pbu_i,39,t͡sarmən,t͡sarmən,,,,,,,,
pbu_i-4-1,,pbu_i,4,stoːre,stoːre,,,,,,,,
pbu_i-8-1,,pbu_i,8,gaʈ,gaʈ,,,,,,,,
pbu_i-12-1,,pbu_i,12,nwar stərga,nwar stərga,,,,,,,,
pbu_i-16-1,,pbu_i,16,d͡ʒəba,d͡ʒəba,,,,,,,,
pbu_i-20-1,,pbu_i,20,ʁaːχ,ʁaːχ,,,,,,,,
pbu_i-24-1,,pbu_i,24,wəna,wəna,,,,,,,,
pbu_i-28-1,,pbu_i,28,dwa,dwa,,,,,,,,
pbu_i-32-1,,pbu_i,32,oːbə,oːbə,,,,,,,,
pbu_i-36-1,,pbu_i,36,mung,mung,,,,,,,,
pbu_i-40-1,,pbu_i,40,tə,tə,,,,,,,,
pbu_p-1-1,,pbu_p,1,wiːna,wiːna,,,,,,,,
pbu_p-5-1,,pbu_p,5,aɖuːke,aɖuːke,,,,,,,,
pbu_p-9-1,,pbu_p,9,siːna,siːna,,,,,,,,
pbu_p-13-1,,pbu_p,13,raːtlə,raːtlə,,,,,,,,
pbu_p-17-1,,pbu_p,17,məɽkidəl,məɽkidəl,,,,,,,,
pbu_p-21-1,,pbu_p,21,speː,speː,,,,,,,,
pbu_p-25-1,,pbu_p,25,skəl,skəl,,,,,,,,
pbu_p-29-1,,pbu_p,29,ʁwag,ʁwag,,,,,,,,
pbu_p-33-1,,pbu_p,33,stərga,stərga,,,,,,,,
pbu_p-37-1,,pbu_p,37,ʔoːr,ʔoːr,,,,,,,,
pbu_p-2-1,,pbu_p,2,majeː,majeː,,,,,,,,
pbu_p-6-1,,pbu_p,6,ɖak,ɖak,,,,,,,,
pbu_p-10-1,,pbu_p,10,laːs,laːs,,,,,,,,
pbu_p-14-1,,pbu_p,14,ʔawridəl,ʔawridəl,,,,,,,,
pbu_p-18-1,,pbu_p,18,χkər,χkər,,,,,,,,
pbu_p-22-1,,pbu_p,22,zə,zə,,,,,,,,
pbu_p-26-1,,pbu_p,26,zangun,zangun,,,,,,,,
pbu_p-30-1,,pbu_p,30,paːɳa,paːɳa,,,,,,,,
pbu_p-34-1,,pbu_p,34,zigar,zigar,,,,,,,,
pbu_p-38-1,,pbu_p,38,spəga,spəga,,,,,,,,
pbu_p-3-1,,pbu_p,3,ʁar,ʁar,,,,,,,,
pbu_p-7-1,,pbu_p,7,num,num,,,,,,,,
pbu_p-11-1,,pbu_p,11,nəwe,nəwe,,,,,,,,
pbu_p-15-1,,pbu_p,15,ʃpaː,ʃpaː,,,,,,,,
pbu_p-19-1,,pbu_p,19,poːza,poːza,,,,,,,,
pbu_p-23-1,,pbu_p,23,jaːw,jaːw,,,,,,,,
pbu_p-27-1,,pbu_p,27,laːr,laːr,,,,,,,,
pbu_p-31-1,,pbu_p,31,kas,kas,,,,,,,,
pbu_p-35-1,,pbu_p,35,lidəl,lidəl,,,,,,,,
pbu_p-39-1,,pbu_p,39,t͡sarmən,t͡sarmən,,,,,,,,
pbu_p-4-1,,pbu_p,4,stoːre,stoːre,,,,,,,,
pbu_p-8-1,,pbu_p,8,kaːɳe,kaːɳe,,,,,,,,
pbu_p-12-1,,pbu_p,12,lmar,lmar,,,,,,,,
pbu_p-16-1,,pbu_p,16,d͡ʒəba,d͡ʒəba,,,,,,,,
pbu_p-20-1,,pbu_p,20,ʁaːχ,ʁaːχ,,,,,,,,
pbu_p-24-1,,pbu_p,24,wəna,wəna,,,,,,,,
pbu_p-28-1,,pbu_p,28,dwa,dwa,,,,,,,,
pbu_p-32-1,,pbu_p,32,ʔobə,ʔobə,,,,,,,,
pbu_p-36-1,,pbu_p,36,məŋ,məŋ,,,,,,,,
pbu_p-40-1,,pbu_p,40,tə,tə,,,,,,,,
prn-1-1,,prn,1,isi,isi,,,,,,,,
prn-5-1,,prn,5,it͡ʃi,it͡ʃi,,,,,,,,
prn-9-1,,prn,9,ʒuʒu,ʒuʒu,,,,,,,,
prn-13-1,,prn,13,at͡sənij,at͡sənij,,,,,,,,
prn-17-1,,prn,17,amoːnij,amoːnij,,,,,,,,
prn-21-1,,prn,21,kiraw,kiraw,,,,,,,,
prn-25-1,,prn,25,wiːnij,wiːnij,,,,,,,,
prn-29-1,,prn,29,imuː,imuː,,,,,,,,
prn-33-1,,prn,33,iʒi,iʒi,,,,,,,,
prn-37-1,,prn,37,anəɣ,anəɣ,,,,,,,,
prn-2-1,,prn,2,tuwaːmisi,tuwaːmisi,,,,,,,,
prn-6-1,,prn,6,biːraw,biːraw,,,,,,,,
prn-10-1,,prn,10,lust,lust,,,,,,,,
prn-14-1,,prn,14,nasnij,nasnij,,,,,,,,
prn-18-1,,prn,18,ʃing,ʃing,,,,,,,,
prn-22-1,,prn,22,anzu,anzu,,,,,,,,
prn-26-1,,prn,26,mənij,mənij,,,,,,,,
prn-30-1,,prn,30,parəɣ,parəɣ,,,,,,,,
prn-34-1,,prn,34,---,---,,,,,,,,
prn-38-1,,prn,38,iwij,iwij,,,,,,,,
prn-3-1,,prn,3,kuː,kuː,,,,,,,,
prn-7-1,,prn,7,nam,nam,,,,,,,,
prn-11-1,,prn,11,inːi,inːi,,,,,,,,
prn-15-1,,prn,15,woʃʈa,woʃʈa,,,,,,,,
prn-19-1,,prn,19,nes,nes,,,,,,,,
prn-23-1,,prn,23,atəɣ,atəɣ,,,,,,,,
prn-27-1,,prn,27,wut,wut,,,,,,,,
prn-31-1,,prn,31,wət͡ʃmi,wət͡ʃmi,,,,,,,,
prn-35-1,,prn,35,wuskaːznij,wuskaːznij,,,,,,,,
prn-39-1,,prn,39,t͡ʃam,t͡ʃam,,,,,,,,
prn-4-1,,prn,4,iʃtij,iʃtij,,,,,,,,
prn-8-1,,prn,8,iːr,iːr,,,,,,,,
prn-12-1,,prn,12,isij,isij,,,,,,,,
prn-16-1,,prn,16,luzuw,luzuw,,,,,,,,
prn-20-1,,prn,20,latam,latam,,,,,,,,
prn-24-1,,prn,24,iʃtun,iʃtun,,,,,,,,
prn-28-1,,prn,28,liː,liː,,,,,,,,
prn-32-1,,prn,32,aːw,aːw,,,,,,,,
prn-36-1,,prn,36,asə,asə,,,,,,,,
prn-40-1,,prn,40,iju,iju,,,,,,,,
prx-1-1,,prx,1,kʰraq,kʰraq,,,,,,,,
prx-5-1,,prx,5,ruspa,ruspa,,,,,,,,
prx-9-1,,prx,9,braŋ,braŋ,,,,,,,,
prx-13-1,,prx,13,juŋ,juŋ,,,,,,,,
prx-17-1,,prx,17,ʃiːjə,ʃiːjə,,,,,,,,
prx-21-1,,prx,21,kʰiː,kʰiː,,,,,,,,
prx-25-1,,prx,25,tʰuŋma,tʰuŋma,,,,,,,,
prx-29-1,,prx,29,hr̥naː,hr̥naː,,,,,,,,
prx-33-1,,prx,33,mik,mik,,,,,,,,
prx-37-1,,prx,37,meː,meː,,,,,,,,
prx-2-1,,prx,2,ɲah,ɲah,,,,,,,,
prx-6-1,,prx,6,gaŋma,gaŋma,,,,,,,,
prx-10-1,,prx,10,lakpa,lakpa,,,,,,,,
prx-14-1,,prx,14,ɲanma,ɲanma,,,,,,,,
prx-18-1,,prx,18,rit͡ʃu,rit͡ʃu,,,,,,,,
prx-22-1,,prx,22,ŋa,ŋa,,,,,,,,
prx-26-1,,prx,26,puksmoː,puksmoː,,,,,,,,
prx-30-1,,prx,30,loːma,loːma,,,,,,,,
prx-34-1,,prx,34,t͡ʃʰinma,t͡ʃʰinma,,,,,,,,
prx-38-1,,prx,38,ʃik,ʃik,,,,,,,,
prx-3-1,,prx,3,riː,riː,,,,,,,,
prx-7-1,,prx,7,miŋ,miŋ,,,,,,,,
prx-11-1,,prx,11,soːma,soːma,,,,,,,,
prx-15-1,,prx,15,t͡ʃʰan,t͡ʃʰan,,,,,,,,
prx-19-1,,prx,19,ru,ru,,,,,,,,
prx-23-1,,prx,23,t͡ʃik,t͡ʃik,,,,,,,,
prx-27-1,,prx,27,lam,lam,,,,,,,,
prx-31-1,,prx,31,mi,mi,,,,,,,,
prx-35-1,,prx,35,juŋma,juŋma,,,,,,,,
prx-39-1,,prx,39,baχspa,baχspa,,,,,,,,
prx-4-1,,prx,4,skarma,skarma,,,,,,,,
prx-8-1,,prx,8,ʃkuːwa,ʃkuːwa,,,,,,,,
prx-12-1,,prx,12,niːma,niːma,,,,,,,,
prx-16-1,,prx,16,ɬt͡ʃeː,ɬt͡ʃeː,,,,,,,,
prx-20-1,,prx,20,soː,soː,,,,,,,,
prx-24-1,,prx,24,ɬt͡ʃaŋma,ɬt͡ʃaŋma,,,,,,,,
prx-28-1,,prx,28,nis,nis,,,,,,,,
prx-32-1,,prx,32,t͡ʃʰuː,t͡ʃʰuː,,,,,,,,
prx-36-1,,prx,36,naːtaŋ,naːtaŋ,,,,,,,,
prx-40-1,,prx,40,---,---,,,,,,,,
sgh_r-1-1,,sgh_r,1,χun,χun,,,,,,,,
sgh_r-5-1,,sgh_r,5,setχoːn,setχoːn,,,,,,,,
sgh_r-9-1,,sgh_r,9,"siːnaː, bat͡ʃ","siːnaː, bat͡ʃ",,,,,,,,
sgh_r-13-1,,sgh_r,13,jat,jat,,,,,,,,
sgh_r-17-1,,sgh_r,17,muːg,muːg,,,,,,,,
sgh_r-21-1,,sgh_r,21,kəd,kəd,,,,,,,,
sgh_r-25-1,,sgh_r,25,bruʂt,bruʂt,,,,,,,,
sgh_r-29-1,,sgh_r,29,ʁoːw,ʁoːw,,,,,,,,
sgh_r-33-1,,sgh_r,33,t͡saːm,t͡saːm,,,,,,,,
sgh_r-37-1,,sgh_r,37,juːt͡s,juːt͡s,,,,,,,,
sgh_r-2-1,,sgh_r,2,moːj,moːj,,,,,,,,
sgh_r-6-1,,sgh_r,6,lap,lap,,,,,,,,
sgh_r-10-1,,sgh_r,10,ðost,ðost,,,,,,,,
sgh_r-14-1,,sgh_r,14,ʂidoː,ʂidoː,,,,,,,,
sgh_r-18-1,,sgh_r,18,ʂaw,ʂaw,,,,,,,,
sgh_r-22-1,,sgh_r,22,aːz,aːz,,,,,,,,
sgh_r-26-1,,sgh_r,26,zuːn,zuːn,,,,,,,,
sgh_r-30-1,,sgh_r,30,paːrk,paːrk,,,,,,,,
sgh_r-34-1,,sgh_r,34,d͡ʒigaːr,d͡ʒigaːr,,,,,,,,
sgh_r-38-1,,sgh_r,38,sepaw,sepaw,,,,,,,,
sgh_r-3-1,,sgh_r,3,kuː,kuː,,,,,,,,
sgh_r-7-1,,sgh_r,7,noːm,noːm,,,,,,,,
sgh_r-11-1,,sgh_r,11,naːw,naːw,,,,,,,,
sgh_r-15-1,,sgh_r,15,ʂaːb,ʂaːb,,,,,,,,
sgh_r-19-1,,sgh_r,19,neːt͡s,neːt͡s,,,,,,,,
sgh_r-23-1,,sgh_r,23,iːw,iːw,,,,,,,,
sgh_r-27-1,,sgh_r,27,paːnd,paːnd,,,,,,,,
sgh_r-31-1,,sgh_r,31,"oːdam, nafar","oːdam, nafar",,,,,,,,
sgh_r-35-1,,sgh_r,35,wunʈoː,wunʈoː,,,,,,,,
sgh_r-39-1,,sgh_r,39,puːst,puːst,,,,,,,,
sgh_r-4-1,,sgh_r,4,"ʂituːrd͡ʒ, sətoːra","ʂituːrd͡ʒ, sətoːra",,,,,,,,
sgh_r-8-1,,sgh_r,8,ʒer,ʒer,,,,,,,,
sgh_r-12-1,,sgh_r,12,χɑr,χɑr,,,,,,,,
sgh_r-16-1,,sgh_r,16,"zev, andoːm","zev, andoːm",,,,,,,,
sgh_r-20-1,,sgh_r,20,ðendoːn,ðendoːn,,,,,,,,
sgh_r-24-1,,sgh_r,24,dəraχt,dəraχt,,,,,,,,
sgh_r-28-1,,sgh_r,28,ðaw,ðaw,,,,,,,,
sgh_r-32-1,,sgh_r,32,ʂat͡s,ʂat͡s,,,,,,,,
sgh_r-36-1,,sgh_r,36,maːʃ,maːʃ,,,,,,,,
sgh_r-40-1,,sgh_r,40,tɑ,tɑ,,,,,,,,
sgy-1-1,,sgy,1,weːn,weːn,,,,,,,,
sgy-5-1,,sgy,5,ɑːstoːk,ɑːstoːk,,,,,,,,
sgy-9-1,,sgy,9,t͡ʃit͡ʃiː,t͡ʃit͡ʃiː,,,,,,,,
sgy-13-1,,sgy,13,aʁɑːd,aʁɑːd,,,,,,,,
sgy-17-1,,sgy,17,maːɽ,maːɽ,,,,,,,,
sgy-21-1,,sgy,21,kəd,kəd,,,,,,,,
sgy-25-1,,sgy,25,pəvoːk,pəvoːk,,,,,,,,
sgy-29-1,,sgy,29,ʁɑɽ,ʁɑɽ,,,,,,,,
sgy-33-1,,sgy,33,t͡saːm,t͡saːm,,,,,,,,
sgy-37-1,,sgy,37,ʂənaːiː,ʂənaːiː,,,,,,,,
sgy-2-1,,sgy,2,muːiː,muːiː,,,,,,,,
sgy-6-1,,sgy,6,vən,vən,,,,,,,,
sgy-10-1,,sgy,10,doːst,doːst,,,,,,,,
sgy-14-1,,sgy,14,apɑχt,apɑχt,,,,,,,,
sgy-18-1,,sgy,18,ʂɑːw,ʂɑːw,,,,,,,,
sgy-22-1,,sgy,22,azeː,azeː,,,,,,,,
sgy-26-1,,sgy,26,zuːng,zuːng,,,,,,,,
sgy-30-1,,sgy,30,barg,barg,,,,,,,,
sgy-34-1,,sgy,34,d͡ʒigar,d͡ʒigar,,,,,,,,
sgy-38-1,,sgy,38,spəl,spəl,,,,,,,,
sgy-3-1,,sgy,3,ko,ko,,,,,,,,
sgy-7-1,,sgy,7,niːm,niːm,,,,,,,,
sgy-11-1,,sgy,11,nowoːk,nowoːk,,,,,,,,
sgy-15-1,,sgy,15,fərʂɑw,fərʂɑw,,,,,,,,
sgy-19-1,,sgy,19,fsek,fsek,,,,,,,,
sgy-23-1,,sgy,23,wɑk,wɑk,,,,,,,,
sgy-27-1,,sgy,27,ra,ra,,,,,,,,
sgy-31-1,,sgy,31,nafar,nafar,,,,,,,,
sgy-35-1,,sgy,35,weːnd,weːnd,,,,,,,,
sgy-39-1,,sgy,39,krɑːst,krɑːst,,,,,,,,
sgy-4-1,,sgy,4,struːk,struːk,,,,,,,,
sgy-8-1,,sgy,8,sɑːng,sɑːng,,,,,,,,
sgy-12-1,,sgy,12,ɑːrmɑːzd,ɑːrmɑːzd,,,,,,,,
sgy-16-1,,sgy,16,zəvuːk,zəvuːk,,,,,,,,
sgy-20-1,,sgy,20,daːnd,daːnd,,,,,,,,
sgy-24-1,,sgy,24,dəraχt,dəraχt,,,,,,,,
sgy-28-1,,sgy,28,dow,dow,,,,,,,,
sgy-32-1,,sgy,32,veːk,veːk,,,,,,,,
sgy-36-1,,sgy,36,amaχ,amaχ,,,,,,,,
sgy-40-1,,sgy,40,tɑw,tɑw,,,,,,,,
sdg-1-1,,sdg,1,raːt,raːt,,,,,,,,
sdg-5-1,,sdg,5,haːɖu,haːɖu,,,,,,,,
sdg-9-1,,sdg,9,t͡ʃut͡ʃuː,t͡ʃut͡ʃuː,,,,,,,,
sdg-13-1,,sdg,13,waːlu,waːlu,,,,,,,,
sdg-17-1,,sdg,17,mariloː,mariloː,,,,,,,,
sdg-21-1,,sdg,21,kut͡ʃuroː,kut͡ʃuroː,,,,,,,,
sdg-25-1,,sdg,25,luːkiloː,luːkiloː,,,,,,,,
sdg-29-1,,sdg,29,kaːɳ,kaːɳ,,,,,,,,
sdg-33-1,,sdg,33,anʈ͡ʂiː,anʈ͡ʂiː,,,,,,,,
sdg-37-1,,sdg,37,hangaːru,hangaːru,,,,,,,,
sdg-2-1,,sdg,2,mat͡siɳ,mat͡siɳ,,,,,,,,
sdg-6-1,,sdg,6,purud͡ʒiloː,purud͡ʒiloː,,,,,,,,
sdg-10-1,,sdg,10,haːt,haːt,,,,,,,,
sdg-14-1,,sdg,14,bud͡ʒiloː,bud͡ʒiloː,,,,,,,,
sdg-18-1,,sdg,18,ʂinga,ʂinga,,,,,,,,
sdg-22-1,,sdg,22,ma,ma,,,,,,,,
sdg-26-1,,sdg,26,ɖungoː,ɖungoː,,,,,,,,
sdg-30-1,,sdg,30,paːɬu,paːɬu,,,,,,,,
sdg-34-1,,sdg,34,jiːnuː,jiːnuː,,,,,,,,
sdg-38-1,,sdg,38,d͡ʒuj,d͡ʒuj,,,,,,,,
sdg-3-1,,sdg,3,ɖaɖu,ɖaɖu,,,,,,,,
sdg-7-1,,sdg,7,naːm,naːm,,,,,,,,
sdg-11-1,,sdg,11,naːw,naːw,,,,,,,,
sdg-15-1,,sdg,15,raːti,raːti,,,,,,,,
sdg-19-1,,sdg,19,naːs,naːs,,,,,,,,
sdg-23-1,,sdg,23,jak,jak,,,,,,,,
sdg-27-1,,sdg,27,pijaːdoː pʰaːnt,pijaːdoː pʰaːnt,,,,,,,,
sdg-31-1,,sdg,31,maːnuʂ,maːnuʂ,,,,,,,,
sdg-35-1,,sdg,35,paʃiloː,paʃiloː,,,,,,,,
sdg-39-1,,sdg,39,gaːɬ,gaːɬ,,,,,,,,
sdg-4-1,,sdg,4,taːri,taːri,,,,,,,,
sdg-8-1,,sdg,8,baːʈ,baːʈ,,,,,,,,
sdg-12-1,,sdg,12,suːri,suːri,,,,,,,,
sdg-16-1,,sdg,16,d͡ʒiːbu,d͡ʒiːbu,,,,,,,,
sdg-20-1,,sdg,20,daːndu,daːndu,,,,,,,,
sdg-24-1,,sdg,24,d͡ʒul,d͡ʒul,,,,,,,,
sdg-28-1,,sdg,28,duː,duː,,,,,,,,
sdg-32-1,,sdg,32,iː,iː,,,,,,,,
sdg-36-1,,sdg,36,be,be,,,,,,,,
sdg-40-1,,sdg,40,tuː,tuː,,,,,,,,
scl_p-1-1,,scl_p,1,leːl,leːl,,,,,,,,
scl_p-5-1,,scl_p,5,ãːʈi,ãːʈi,,,,,,,,
scl_p-9-1,,scl_p,9,t͡ʃut͡ʃi,t͡ʃut͡ʃi,,,,,,,,
scl_p-13-1,,scl_p,13,wa,wa,,,,,,,,
scl_p-17-1,,scl_p,17,muwo,muwo,,,,,,,,
scl_p-21-1,,scl_p,21,ʃũ,ʃũ,,,,,,,,
scl_p-25-1,,scl_p,25,piːk,piːk,,,,,,,,
scl_p-29-1,,scl_p,29,kan,kan,,,,,,,,
scl_p-33-1,,scl_p,33,aːt͡ʃiː,aːt͡ʃiː,,,,,,,,
scl_p-37-1,,scl_p,37,agaːr,agaːr,,,,,,,,
scl_p-2-1,,scl_p,2,t͡ʃumo,t͡ʃumo,,,,,,,,
scl_p-6-1,,scl_p,6,ʂa,ʂa,,,,,,,,
scl_p-10-1,,scl_p,10,hat,hat,,,,,,,,
scl_p-14-1,,scl_p,14,porid͡ʒoːk,porid͡ʒoːk,,,,,,,,
scl_p-18-1,,scl_p,18,ʂiːŋ,ʂiːŋ,,,,,,,,
scl_p-22-1,,scl_p,22,ma,ma,,,,,,,,
scl_p-26-1,,scl_p,26,kuʈo,kuʈo,,,,,,,,
scl_p-30-1,,scl_p,30,paʈo,paʈo,,,,,,,,
scl_p-34-1,,scl_p,34,d͡ʒigar,d͡ʒigar,,,,,,,,
scl_p-38-1,,scl_p,38,d͡ʒũː,d͡ʒũː,,,,,,,,
scl_p-3-1,,scl_p,3,t͡ʃĩːʂʰ,t͡ʃĩːʂʰ,,,,,,,,
scl_p-7-1,,scl_p,7,noːm,noːm,,,,,,,,
scl_p-11-1,,scl_p,11,naːwo,naːwo,,,,,,,,
scl_p-15-1,,scl_p,15,raːti,raːti,,,,,,,,
scl_p-19-1,,scl_p,19,nato,nato,,,,,,,,
scl_p-23-1,,scl_p,23,ek,ek,,,,,,,,
scl_p-27-1,,scl_p,27,pon,pon,,,,,,,,
scl_p-31-1,,scl_p,31,moʃaː,moʃaː,,,,,,,,
scl_p-35-1,,scl_p,35,paːʃ,paːʃ,,,,,,,,
scl_p-39-1,,scl_p,39,t͡ʃum,t͡ʃum,,,,,,,,
scl_p-4-1,,scl_p,4,taːro,taːro,,,,,,,,
scl_p-8-1,,scl_p,8,baʈ,baʈ,,,,,,,,
scl_p-12-1,,scl_p,12,suːri,suːri,,,,,,,,
scl_p-16-1,,scl_p,16,d͡ʒip,d͡ʒip,,,,,,,,
scl_p-20-1,,scl_p,20,don,don,,,,,,,,
scl_p-24-1,,scl_p,24,tom,tom,,,,,,,,
scl_p-28-1,,scl_p,28,duː,duː,,,,,,,,
scl_p-32-1,,scl_p,32,wai,wai,,,,,,,,
scl_p-36-1,,scl_p,36,be,be,,,,,,,,
scl_p-40-1,,scl_p,40,t͡sʰo,t͡sʰo,,,,,,,,
scl_i-1-1,,scl_i,1,leːl,leːl,,,,,,,,
scl_i-5-1,,scl_i,5,aʈu̥,aʈu̥,,,,,,,,
scl_i-9-1,,scl_i,9,sina,sina,,,,,,,,
scl_i-13-1,,scl_i,13,eː,eː,,,,,,,,
scl_i-17-1,,scl_i,17,miroːn,miroːn,,,,,,,,
scl_i-21-1,,scl_i,21,ʃũː,ʃũː,,,,,,,,
scl_i-25-1,,scl_i,25,pijoːn,pijoːn,,,,,,,,
scl_i-29-1,,scl_i,29,kuʈu,kuʈu,,,,,,,,
scl_i-33-1,,scl_i,33,aʈ͡ʂʰiː,aʈ͡ʂʰiː,,,,,,,,
scl_i-37-1,,scl_i,37,pʰuː,pʰuː,,,,,,,,
scl_i-2-1,,scl_i,2,t͡ʃʰimu̥,t͡ʃʰimu̥,,,,,,,,
scl_i-6-1,,scl_i,6,ʂəkboːj,ʂəkboːj,,,,,,,,
scl_i-10-1,,scl_i,10,hat,hat,,,,,,,,
scl_i-14-1,,scl_i,14,koɳ dunu̥,koɳ dunu̥,,,,,,,,
scl_i-18-1,,scl_i,18,ʂiŋu̥,ʂiŋu̥,,,,,,,,
scl_i-22-1,,scl_i,22,mu,mu,,,,,,,,
scl_i-26-1,,scl_i,26,kuʈu,kuʈu,,,,,,,,
scl_i-30-1,,scl_i,30,paʈu̥,paʈu̥,,,,,,,,
scl_i-34-1,,scl_i,34,sina,sina,,,,,,,,
scl_i-38-1,,scl_i,38,d͡ʒuwe,d͡ʒuwe,,,,,,,,
scl_i-3-1,,scl_i,3,pahaːɽ,pahaːɽ,,,,,,,,
scl_i-7-1,,scl_i,7,noːm,noːm,,,,,,,,
scl_i-11-1,,scl_i,11,naː,naː,,,,,,,,
scl_i-15-1,,scl_i,15,raːti̥,raːti̥,,,,,,,,
scl_i-19-1,,scl_i,19,nuti̥,nuti̥,,,,,,,,
scl_i-23-1,,scl_i,23,ek,ek,,,,,,,,
scl_i-27-1,,scl_i,27,pon,pon,,,,,,,,
scl_i-31-1,,scl_i,31,nafar,nafar,,,,,,,,
scl_i-35-1,,scl_i,35,ʈ͡ʂakjoːnu̥,ʈ͡ʂakjoːnu̥,,,,,,,,
scl_i-39-1,,scl_i,39,t͡ʃeːmu̥,t͡ʃeːmu̥,,,,,,,,
scl_i-4-1,,scl_i,4,taːru̥,taːru̥,,,,,,,,
scl_i-8-1,,scl_i,8,baʈ,baʈ,,,,,,,,
scl_i-12-1,,scl_i,12,suːri̥,suːri̥,,,,,,,,
scl_i-16-1,,scl_i,16,d͡ʒib,d͡ʒib,,,,,,,,
scl_i-20-1,,scl_i,20,doni̥,doni̥,,,,,,,,
scl_i-24-1,,scl_i,24,toːm,toːm,,,,,,,,
scl_i-28-1,,scl_i,28,duː,duː,,,,,,,,
scl_i-32-1,,scl_i,32,woj,woj,,,,,,,,
scl_i-36-1,,scl_i,36,be,be,,,,,,,,
scl_i-40-1,,scl_i,40,tu,tu,,,,,,,,
sgh_a-1-1,,sgh_a,1,wəχen,wəχen,,,,,,,,
sgh_a-5-1,,sgh_a,5,setχyːn,setχyːn,,,,,,,,
sgh_a-9-1,,sgh_a,9,bestyːn,bestyːn,,,,,,,,
sgh_a-13-1,,sgh_a,13,jatow,jatow,,,,,,,,
sgh_a-17-1,,sgh_a,17,miːdow,miːdow,,,,,,,,
sgh_a-21-1,,sgh_a,21,kəd,kəd,,,,,,,,
sgh_a-25-1,,sgh_a,25,breʂtow,breʂtow,,,,,,,,
sgh_a-29-1,,sgh_a,29,ʁyːʂ,ʁyːʂ,,,,,,,,
sgh_a-33-1,,sgh_a,33,t͡seːm,t͡seːm,,,,,,,,
sgh_a-37-1,,sgh_a,37,joːt͡s,joːt͡s,,,,,,,,
sgh_a-2-1,,sgh_a,2,moːje,moːje,,,,,,,,
sgh_a-6-1,,sgh_a,6,seːr,seːr,,,,,,,,
sgh_a-10-1,,sgh_a,10,ðost,ðost,,,,,,,,
sgh_a-14-1,,sgh_a,14,ʂedow,ʂedow,,,,,,,,
sgh_a-18-1,,sgh_a,18,χoːʂ,χoːʂ,,,,,,,,
sgh_a-22-1,,sgh_a,22,wəz,wəz,,,,,,,,
sgh_a-26-1,,sgh_a,26,zyːn,zyːn,,,,,,,,
sgh_a-30-1,,sgh_a,30,paːrk,paːrk,,,,,,,,
sgh_a-34-1,,sgh_a,34,d͡ʒigaːr,d͡ʒigaːr,,,,,,,,
sgh_a-38-1,,sgh_a,38,spəʂ,spəʂ,,,,,,,,
sgh_a-3-1,,sgh_a,3,kuː,kuː,,,,,,,,
sgh_a-7-1,,sgh_a,7,nyːm,nyːm,,,,,,,,
sgh_a-11-1,,sgh_a,11,naːw,naːw,,,,,,,,
sgh_a-15-1,,sgh_a,15,ʂaːb,ʂaːb,,,,,,,,
sgh_a-19-1,,sgh_a,19,neːt͡s,neːt͡s,,,,,,,,
sgh_a-23-1,,sgh_a,23,jiːw,jiːw,,,,,,,,
sgh_a-27-1,,sgh_a,27,pyːnd,pyːnd,,,,,,,,
sgh_a-31-1,,sgh_a,31,nafar,nafar,,,,,,,,
sgh_a-35-1,,sgh_a,35,t͡ʃiːʂtow,t͡ʃiːʂtow,,,,,,,,
sgh_a-39-1,,sgh_a,39,pyːst,pyːst,,,,,,,,
sgh_a-4-1,,sgh_a,4,ʂteːrt͡s,ʂteːrt͡s,,,,,,,,
sgh_a-8-1,,sgh_a,8,ʒiːr,ʒiːr,,,,,,,,
sgh_a-12-1,,sgh_a,12,χiːr,χiːr,,,,,,,,
sgh_a-16-1,,sgh_a,16,zev,zev,,,,,,,,
sgh_a-20-1,,sgh_a,20,ðendyːn,ðendyːn,,,,,,,,
sgh_a-24-1,,sgh_a,24,dəraχt,dəraχt,,,,,,,,
sgh_a-28-1,,sgh_a,28,ðyjyn,ðyjyn,,,,,,,,
sgh_a-32-1,,sgh_a,32,ʂat͡s,ʂat͡s,,,,,,,,
sgh_a-36-1,,sgh_a,36,maːʃ,maːʃ,,,,,,,,
sgh_a-40-1,,sgh_a,40,to,to,,,,,,,,
trw-1-1,,trw,1,ʐaːt,ʐaːt,,,,,,,,
trw-5-1,,trw,5,hareiːk,hareiːk,,,,,,,,
trw-9-1,,trw,9,t͡ʃiʃ,t͡ʃiʃ,,,,,,,,
trw-13-1,,trw,13,jeuː,jeuː,,,,,,,,
trw-17-1,,trw,17,muː,muː,,,,,,,,
trw-21-1,,trw,21,kujuː,kujuː,,,,,,,,
trw-25-1,,trw,25,puː,puː,,,,,,,,
trw-29-1,,trw,29,kaːn,kaːn,,,,,,,,
trw-33-1,,trw,33,aʂiː,aʂiː,,,,,,,,
trw-37-1,,trw,37,aŋgaː,aŋgaː,,,,,,,,
trw-2-1,,trw,2,maːɕ,maːɕ,,,,,,,,
trw-6-1,,trw,6,ɖak,ɖak,,,,,,,,
trw-10-1,,trw,10,haːtʰ,haːtʰ,,,,,,,,
trw-14-1,,trw,14,bʰuːjuː,bʰuːjuː,,,,,,,,
trw-18-1,,trw,18,ʂiŋ,ʂiŋ,,,,,,,,
trw-22-1,,trw,22,aː,aː,,,,,,,,
trw-26-1,,trw,26,kuɽ,kuɽ,,,,,,,,
trw-30-1,,trw,30,paːʂ,paːʂ,,,,,,,,
trw-34-1,,trw,34,d͡ʒuːguː,d͡ʒuːguː,,,,,,,,
trw-38-1,,trw,38,d͡ʒʰĩː,d͡ʒʰĩː,,,,,,,,
trw-3-1,,trw,3,kʰaːn,kʰaːn,,,,,,,,
trw-7-1,,trw,7,naːm,naːm,,,,,,,,
trw-11-1,,trw,11,nam,nam,,,,,,,,
trw-15-1,,trw,15,ʐaːt,ʐaːt,,,,,,,,
trw-19-1,,trw,19,natkoːl,natkoːl,,,,,,,,
trw-23-1,,trw,23,eːk,eːk,,,,,,,,
trw-27-1,,trw,27,paːn,paːn,,,,,,,,
trw-31-1,,trw,31,maːʂ,maːʂ,,,,,,,,
trw-35-1,,trw,35,paʃuː,paʃuː,,,,,,,,
trw-39-1,,trw,39,---,---,,,,,,,,
trw-4-1,,trw,4,taː,taː,,,,,,,,
trw-8-1,,trw,8,baːɽ,baːɽ,,,,,,,,
trw-12-1,,trw,12,siː,siː,,,,,,,,
trw-16-1,,trw,16,d͡ʒib,d͡ʒib,,,,,,,,
trw-20-1,,trw,20,dan,dan,,,,,,,,
trw-24-1,,trw,24,tʰaːm,tʰaːm,,,,,,,,
trw-28-1,,trw,28,duː,duː,,,,,,,,
trw-32-1,,trw,32,uː,uː,,,,,,,,
trw-36-1,,trw,36,mʰoː,mʰoː,,,,,,,,
trw-40-1,,trw,40,tuː,tuː,,,,,,,,
ush-1-1,,ush,1,lul,lul,,,,,,,,
ush-5-1,,ush,5,aːɳʈiː,aːɳʈiː,,,,,,,,
ush-9-1,,ush,9,"bukʰtʰeʔaːn, t͡ʃit͡ʃi","bukʰtʰeʔaːn, t͡ʃit͡ʃi",,,,,,,,
ush-13-1,,ush,13,oːn,oːn,,,,,,,,
ush-17-1,,ush,17,muːru,muːru,,,,,,,,
ush-21-1,,ush,21,ʃũː,ʃũː,,,,,,,,
ush-25-1,,ush,25,pioːn,pioːn,,,,,,,,
ush-29-1,,ush,29,koːn,koːn,,,,,,,,
ush-33-1,,ush,33,eːʂiː,eːʂiː,,,,,,,,
ush-37-1,,ush,37,aːŋgaːr,aːŋgaːr,,,,,,,,
ush-2-1,,ush,2,mat͡ʃuː,mat͡ʃuː,,,,,,,,
ush-6-1,,ush,6,purʰaːluː χul bul,purʰaːluː χul bul,,,,,,,,
ush-10-1,,ush,10,hat hatʰ,hat hatʰ,,,,,,,,
ush-14-1,,ush,14,ʂunoːn,ʂunoːn,,,,,,,,
ush-18-1,,ush,18,ʂiŋguː,ʂiŋguː,,,,,,,,
ush-22-1,,ush,22,maː,maː,,,,,,,,
ush-26-1,,ush,26,kuʈuː,kuʈuː,,,,,,,,
ush-30-1,,ush,30,paʈ͡ʂuː,paʈ͡ʂuː,,,,,,,,
ush-34-1,,ush,34,d͡ʒagar,d͡ʒagar,,,,,,,,
ush-38-1,,ush,38,d͡ʒʰũː,d͡ʒʰũː,,,,,,,,
ush-3-1,,ush,3,kʰoːn,kʰoːn,,,,,,,,
ush-7-1,,ush,7,nuːm,nuːm,,,,,,,,
ush-11-1,,ush,11,nau,nau,,,,,,,,
ush-15-1,,ush,15,raːtiː,raːtiː,,,,,,,,
ush-19-1,,ush,19,noːtiː,noːtiː,,,,,,,,
ush-23-1,,ush,23,ek,ek,,,,,,,,
ush-27-1,,ush,27,poːn,poːn,,,,,,,,
ush-31-1,,ush,31,manuːʐuː muʃaː,manuːʐuː muʃaː,,,,,,,,
ush-35-1,,ush,35,paʃoːn,paʃoːn,,,,,,,,
ush-39-1,,ush,39,t͡ʃoːm,t͡ʃoːm,,,,,,,,
ush-4-1,,ush,4,taːruː,taːruː,,,,,,,,
ush-8-1,,ush,8,giriː,giriː,,,,,,,,
ush-12-1,,ush,12,suːriː,suːriː,,,,,,,,
ush-16-1,,ush,16,d͡ʒib,d͡ʒib,,,,,,,,
ush-20-1,,ush,20,doːnd,doːnd,,,,,,,,
ush-24-1,,ush,24,tʰoːm,tʰoːm,,,,,,,,
ush-28-1,,ush,28,duː,duː,,,,,,,,
ush-32-1,,ush,32,uːiː,uːiː,,,,,,,,
ush-36-1,,ush,36,asoː,asoː,,,,,,,,
ush-40-1,,ush,40,tuː soː,tuː soː,,,,,,,,
uzs-1-1,,uzs,1,qɑːn,qɑːn,,,,,,,,
uzs-5-1,,uzs,5,ustuχɑːn,ustuχɑːn,,,,,,,,
uzs-9-1,,uzs,9,eːmt͡ʃak,eːmt͡ʃak,,,,,,,,
uzs-13-1,,uzs,13,kilmɑːʁ,kilmɑːʁ,,,,,,,,
uzs-17-1,,uzs,17,wilmɑːʁ,wilmɑːʁ,,,,,,,,
uzs-21-1,,uzs,21,kut͡ʃug,kut͡ʃug,,,,,,,,
uzs-25-1,,uzs,25,it͡ʃmɑːʁ,it͡ʃmɑːʁ,,,,,,,,
uzs-29-1,,uzs,29,qulɑːʁ,qulɑːʁ,,,,,,,,
uzs-33-1,,uzs,33,kuːz,kuːz,,,,,,,,
uzs-37-1,,uzs,37,uːt,uːt,,,,,,,,
uzs-2-1,,uzs,2,baːliχ,baːliχ,,,,,,,,
uzs-6-1,,uzs,6,tuːla,tuːla,,,,,,,,
uzs-10-1,,uzs,10,qoːl,qoːl,,,,,,,,
uzs-14-1,,uzs,14,eːʃetmɑːʁ,eːʃetmɑːʁ,,,,,,,,
uzs-18-1,,uzs,18,ʃɑːχ,ʃɑːχ,,,,,,,,
uzs-22-1,,uzs,22,meːn,meːn,,,,,,,,
uzs-26-1,,uzs,26,tiːz,tiːz,,,,,,,,
uzs-30-1,,uzs,30,barg,barg,,,,,,,,
uzs-34-1,,uzs,34,baʁeːr,baʁeːr,,,,,,,,
uzs-38-1,,uzs,38,bit,bit,,,,,,,,
uzs-3-1,,uzs,3,"qira, gaza","qira, gaza",,,,,,,,
uzs-7-1,,uzs,7,ɑːt,ɑːt,,,,,,,,
uzs-11-1,,uzs,11,jangiː,jangiː,,,,,,,,
uzs-15-1,,uzs,15,kiːt͡ʃa,kiːt͡ʃa,,,,,,,,
uzs-19-1,,uzs,19,buruːn,buruːn,,,,,,,,
uzs-23-1,,uzs,23,bir,bir,,,,,,,,
uzs-27-1,,uzs,27,joːl,joːl,,,,,,,,
uzs-31-1,,uzs,31,nafar,nafar,,,,,,,,
uzs-35-1,,uzs,35,kuːrmɑːʁ,kuːrmɑːʁ,,,,,,,,
uzs-39-1,,uzs,39,teːriː,teːriː,,,,,,,,
uzs-4-1,,uzs,4,julduz,julduz,,,,,,,,
uzs-8-1,,uzs,8,tɑːʃ,tɑːʃ,,,,,,,,
uzs-12-1,,uzs,12,"ɑːftɑːb, kunda kuːzi","ɑːftɑːb, kunda kuːzi",,,,,,,,
uzs-16-1,,uzs,16,til,til,,,,,,,,
uzs-20-1,,uzs,20,tiːʃ,tiːʃ,,,,,,,,
uzs-24-1,,uzs,24,daraːχt,daraːχt,,,,,,,,
uzs-28-1,,uzs,28,jika,jika,,,,,,,,
uzs-32-1,,uzs,32,su,su,,,,,,,,
uzs-36-1,,uzs,36,biz,biz,,,,,,,,
uzs-40-1,,uzs,40,sen,sen,,,,,,,,
wbk-1-1,,wbk,1,laj,laj,,,,,,,,
wbk-5-1,,wbk,5,aʈiː,aʈiː,,,,,,,,
wbk-9-1,,wbk,9,t͡ʃyt͡ʃy,t͡ʃyt͡ʃy,,,,,,,,
wbk-13-1,,wbk,13,eːju,eːju,,,,,,,,
wbk-17-1,,wbk,17,muɳuː,muɳuː,,,,,,,,
wbk-21-1,,wbk,21,t͡sũː,t͡sũː,,,,,,,,
wbk-25-1,,wbk,25,pijũː,pijũː,,,,,,,,
wbk-29-1,,wbk,29,qar,qar,,,,,,,,
wbk-33-1,,wbk,33,at͡ʃeː,at͡ʃeː,,,,,,,,
wbk-37-1,,wbk,37,aj,aj,,,,,,,,
wbk-2-1,,wbk,2,mat͡s,mat͡s,,,,,,,,
wbk-6-1,,wbk,6,par,par,,,,,,,,
wbk-10-1,,wbk,10,doːʃ,doːʃ,,,,,,,,
wbk-14-1,,wbk,14,akardatu,akardatu,,,,,,,,
wbk-18-1,,wbk,18,ʃiŋ,ʃiŋ,,,,,,,,
wbk-22-1,,wbk,22,aŋa,aŋa,,,,,,,,
wbk-26-1,,wbk,26,aʃŋa,aʃŋa,,,,,,,,
wbk-30-1,,wbk,30,poʈ,poʈ,,,,,,,,
wbk-34-1,,wbk,34,jok,jok,,,,,,,,
wbk-38-1,,wbk,38,wyː,wyː,,,,,,,,
wbk-3-1,,wbk,3,daː,daː,,,,,,,,
wbk-7-1,,wbk,7,naːm,naːm,,,,,,,,
wbk-11-1,,wbk,11,nuŋa,nuŋa,,,,,,,,
wbk-15-1,,wbk,15,wot,wot,,,,,,,,
wbk-19-1,,wbk,19,naːs,naːs,,,,,,,,
wbk-23-1,,wbk,23,ew,ew,,,,,,,,
wbk-27-1,,wbk,27,punt,punt,,,,,,,,
wbk-31-1,,wbk,31,manaʃ,manaʃ,,,,,,,,
wbk-35-1,,wbk,35,weːɻu,weːɻu,,,,,,,,
wbk-39-1,,wbk,39,t͡ʃam,t͡ʃam,,,,,,,,
wbk-4-1,,wbk,4,tara,tara,,,,,,,,
wbk-8-1,,wbk,8,waʈ,waʈ,,,,,,,,
wbk-12-1,,wbk,12,sø,sø,,,,,,,,
wbk-16-1,,wbk,16,d͡ʒib,d͡ʒib,,,,,,,,
wbk-20-1,,wbk,20,dunt,dunt,,,,,,,,
wbk-24-1,,wbk,24,d͡ʒala,d͡ʒala,,,,,,,,
wbk-28-1,,wbk,28,dyː,dyː,,,,,,,,
wbk-32-1,,wbk,32,aːw,aːw,,,,,,,,
wbk-36-1,,wbk,36,ami,ami,,,,,,,,
wbk-40-1,,wbk,40,ty,ty,,,,,,,,
wbl_a-1-1,,wbl_a,1,χɨːn,χɨːn,,,,,,,,
wbl_a-5-1,,wbl_a,5,jaːʃt͡ʃ,jaːʃt͡ʃ,,,,,,,,
wbl_a-9-1,,wbl_a,9,baːp,baːp,,,,,,,,
wbl_a-13-1,,wbl_a,13,wəzjaːk,wəzjaːk,,,,,,,,
wbl_a-17-1,,wbl_a,17,mɨrt,mɨrt,,,,,,,,
wbl_a-21-1,,wbl_a,21,ʃaːt͡ʃ,ʃaːt͡ʃ,,,,,,,,
wbl_a-25-1,,wbl_a,25,piːtaːk,piːtaːk,,,,,,,,
wbl_a-29-1,,wbl_a,29,ɣiːʃ,ɣiːʃ,,,,,,,,
wbl_a-33-1,,wbl_a,33,ʈ͡ʂɨːʐəm,ʈ͡ʂɨːʐəm,,,,,,,,
wbl_a-37-1,,wbl_a,37,roχniːg,roχniːg,,,,,,,,
wbl_a-2-1,,wbl_a,2,kuːp,kuːp,,,,,,,,
wbl_a-6-1,,wbl_a,6,təqiː,təqiː,,,,,,,,
wbl_a-10-1,,wbl_a,10,daːst,daːst,,,,,,,,
wbl_a-14-1,,wbl_a,14,kəʂɨjɨːk,kəʂɨjɨːk,,,,,,,,
wbl_a-18-1,,wbl_a,18,ʂəːw,ʂəːw,,,,,,,,
wbl_a-22-1,,wbl_a,22,uːz,uːz,,,,,,,,
wbl_a-26-1,,wbl_a,26,bəriːn,bəriːn,,,,,,,,
wbl_a-30-1,,wbl_a,30,paːɬt͡ʃ,paːɬt͡ʃ,,,,,,,,
wbl_a-34-1,,wbl_a,34,d͡ʒigaːr,d͡ʒigaːr,,,,,,,,
wbl_a-38-1,,wbl_a,38,ʃiːʃ,ʃiːʃ,,,,,,,,
wbl_a-3-1,,wbl_a,3,kuː,kuː,,,,,,,,
wbl_a-7-1,,wbl_a,7,nung,nung,,,,,,,,
wbl_a-11-1,,wbl_a,11,ʂɨːɣd,ʂɨːɣd,,,,,,,,
wbl_a-15-1,,wbl_a,15,naːɣd,naːɣd,,,,,,,,
wbl_a-19-1,,wbl_a,19,miːs,miːs,,,,,,,,
wbl_a-23-1,,wbl_a,23,iːju,iːju,,,,,,,,
wbl_a-27-1,,wbl_a,27,vədəːk,vədəːk,,,,,,,,
wbl_a-31-1,,wbl_a,31,χaːlk,χaːlk,,,,,,,,
wbl_a-35-1,,wbl_a,35,wiːnaːk,wiːnaːk,,,,,,,,
wbl_a-39-1,,wbl_a,39,piːst,piːst,,,,,,,,
wbl_a-4-1,,wbl_a,4,sətaːr,sətaːr,,,,,,,,
wbl_a-8-1,,wbl_a,8,ɣaːr,ɣaːr,,,,,,,,
wbl_a-12-1,,wbl_a,12,iːr,iːr,,,,,,,,
wbl_a-16-1,,wbl_a,16,ziːk,ziːk,,,,,,,,
wbl_a-20-1,,wbl_a,20,dəndɨːk,dəndɨːk,,,,,,,,
wbl_a-24-1,,wbl_a,24,dəraχt,dəraχt,,,,,,,,
wbl_a-28-1,,wbl_a,28,buːj,buːj,,,,,,,,
wbl_a-32-1,,wbl_a,32,juːpk,juːpk,,,,,,,,
wbl_a-36-1,,wbl_a,36,saːk,saːk,,,,,,,,
wbl_a-40-1,,wbl_a,40,tuː,tuː,,,,,,,,
wbl_p-1-1,,wbl_p,1,wuxen,wuxen,,,,,,,,
wbl_p-5-1,,wbl_p,5,jaɕt͡ɕ,jaɕt͡ɕ,,,,,,,,
wbl_p-9-1,,wbl_p,9,pɨz,pɨz,,,,,,,,
wbl_p-13-1,,wbl_p,13,wez,wez,,,,,,,,
wbl_p-17-1,,wbl_p,17,marg,marg,,,,,,,,
wbl_p-21-1,,wbl_p,21,ɕat͡ɕ,ɕat͡ɕ,,,,,,,,
wbl_p-25-1,,wbl_p,25,pitən,pitən,,,,,,,,
wbl_p-29-1,,wbl_p,29,ɣiʂ,ɣiʂ,,,,,,,,
wbl_p-33-1,,wbl_p,33,ʈ͡ʂeʐəm,ʈ͡ʂeʐəm,,,,,,,,
wbl_p-37-1,,wbl_p,37,raχniːʁ,raχniːʁ,,,,,,,,
wbl_p-2-1,,wbl_p,2,kup,kup,,,,,,,,
wbl_p-6-1,,wbl_p,6,tiɖiq,tiɖiq,,,,,,,,
wbl_p-10-1,,wbl_p,10,ðast,ðast,,,,,,,,
wbl_p-14-1,,wbl_p,14,kʂɨjn,kʂɨjn,,,,,,,,
wbl_p-18-1,,wbl_p,18,ʂew,ʂew,,,,,,,,
wbl_p-22-1,,wbl_p,22,wɨz,wɨz,,,,,,,,
wbl_p-26-1,,wbl_p,26,birin,birin,,,,,,,,
wbl_p-30-1,,wbl_p,30,paɬt͡ɕ,paɬt͡ɕ,,,,,,,,
wbl_p-34-1,,wbl_p,34,d͡ʑigar,d͡ʑigar,,,,,,,,
wbl_p-38-1,,wbl_p,38,ɕiɕ,ɕiɕ,,,,,,,,
wbl_p-3-1,,wbl_p,3,kuh,kuh,,,,,,,,
wbl_p-7-1,,wbl_p,7,nuŋg,nuŋg,,,,,,,,
wbl_p-11-1,,wbl_p,11,ʂeʁd,ʂeʁd,,,,,,,,
wbl_p-15-1,,wbl_p,15,naʁd,naʁd,,,,,,,,
wbl_p-19-1,,wbl_p,19,mis,mis,,,,,,,,
wbl_p-23-1,,wbl_p,23,jiw,jiw,,,,,,,,
wbl_p-27-1,,wbl_p,27,fdek,fdek,,,,,,,,
wbl_p-31-1,,wbl_p,31,xalg,xalg,,,,,,,,
wbl_p-35-1,,wbl_p,35,wiŋg,wiŋg,,,,,,,,
wbl_p-39-1,,wbl_p,39,pist,pist,,,,,,,,
wbl_p-4-1,,wbl_p,4,stoːr,stoːr,,,,,,,,
wbl_p-8-1,,wbl_p,8,ɣaːr,ɣaːr,,,,,,,,
wbl_p-12-1,,wbl_p,12,jiːr,jiːr,,,,,,,,
wbl_p-16-1,,wbl_p,16,zik,zik,,,,,,,,
wbl_p-20-1,,wbl_p,20,dɨndɨk,dɨndɨk,,,,,,,,
wbl_p-24-1,,wbl_p,24,draxt,draxt,,,,,,,,
wbl_p-28-1,,wbl_p,28,buːj,buːj,,,,,,,,
wbl_p-32-1,,wbl_p,32,jupk,jupk,,,,,,,,
wbl_p-36-1,,wbl_p,36,sak,sak,,,,,,,,
wbl_p-40-1,,wbl_p,40,tu,tu,,,,,,,,
ydg-1-1,,ydg,1,iːnoː,iːnoː,,,,,,,,
ydg-5-1,,ydg,5,jasta,jasta,,,,,,,,
ydg-9-1,,ydg,9,iht͡ʃiːn,iht͡ʃiːn,,,,,,,,
ydg-13-1,,ydg,13,aːʁoːjah,aːʁoːjah,,,,,,,,
ydg-17-1,,ydg,17,muːɽoː,muːɽoː,,,,,,,,
ydg-21-1,,ydg,21,ʁaːlv,ʁaːlv,,,,,,,,
ydg-25-1,,ydg,25,ʃemdah,ʃemdah,,,,,,,,
ydg-29-1,,ydg,29,ʁuː,ʁuː,,,,,,,,
ydg-33-1,,ydg,33,t͡ʃʰam,t͡ʃʰam,,,,,,,,
ydg-37-1,,ydg,37,juːɽah,juːɽah,,,,,,,,
ydg-2-1,,ydg,2,bka,bka,,,,,,,,
ydg-6-1,,ydg,6,pʰir,pʰir,,,,,,,,
ydg-10-1,,ydg,10,last,last,,,,,,,,
ydg-14-1,,ydg,14,ʁuːleːtaː,ʁuːleːtaː,,,,,,,,
ydg-18-1,,ydg,18,ʂuː,ʂuː,,,,,,,,
ydg-22-1,,ydg,22,zoː,zoː,,,,,,,,
ydg-26-1,,ydg,26,ziːg,ziːg,,,,,,,,
ydg-30-1,,ydg,30,panak,panak,,,,,,,,
ydg-34-1,,ydg,34,d͡ʒigar,d͡ʒigar,,,,,,,,
ydg-38-1,,ydg,38,ʂupuoː,ʂupuoː,,,,,,,,
ydg-3-1,,ydg,3,vanaʁaroː,vanaʁaroː,,,,,,,,
ydg-7-1,,ydg,7,naːm,naːm,,,,,,,,
ydg-11-1,,ydg,11,nuː,nuː,,,,,,,,
ydg-15-1,,ydg,15,χiʂowoː,χiʂowoː,,,,,,,,
ydg-19-1,,ydg,19,fiskoː,fiskoː,,,,,,,,
ydg-23-1,,ydg,23,juː,juː,,,,,,,,
ydg-27-1,,ydg,27,paːduː,paːduː,,,,,,,,
ydg-31-1,,ydg,31,maɽah,maɽah,,,,,,,,
ydg-35-1,,ydg,35,uʐɽah,uʐɽah,,,,,,,,
ydg-39-1,,ydg,39,tiːz,tiːz,,,,,,,,
ydg-4-1,,ydg,4,sataːrə,sataːrə,,,,,,,,
ydg-8-1,,ydg,8,ʁar,ʁar,,,,,,,,
ydg-12-1,,ydg,12,miːrah,miːrah,,,,,,,,
ydg-16-1,,ydg,16,zabiːʁ,zabiːʁ,,,,,,,,
ydg-20-1,,ydg,20,laːd,laːd,,,,,,,,
ydg-24-1,,ydg,24,diraχt,diraχt,,,,,,,,
ydg-28-1,,ydg,28,loːħ,loːħ,,,,,,,,
ydg-32-1,,ydg,32,jaʁoː,jaʁoː,,,,,,,,
ydg-36-1,,ydg,36,maχ,maχ,,,,,,,,
ydg-40-1,,ydg,40,tuː,tuː,,,,,,,,
