ID,Language_ID,Parameter_ID,Value,Code_ID,Comment,Source
ask-GC01b,ask,GC01b,1,,,
ask-GC01c,ask,GC01c,0,,,
ask-GC02a,ask,GC02a,1,,,
ask-GC02b,ask,GC02b,0,,,
ask-GC02c,ask,GC02c,0,,,
ask-GC02d,ask,GC02d,1,,,
ask-GC03,ask,GC03,0,,,
ask-GC04a,ask,GC04a,0,,,
ask-GC04b,ask,GC04b,1,,,
ask-GC05a,ask,GC05a,0,,,
ask-GC05b,ask,GC05b,1,,,
ask-GC06a,ask,GC06a,0,,,
ask-GC06b,ask,GC06b,1,,,
ask-GC07a,ask,GC07a,0,,,
ask-GC07b,ask,GC07b,0,,,
ask-PH01a,ask,PH01a,1,,,
ask-PH01b,ask,PH01b,1,,,
ask-PH01c,ask,PH01c,1,,,
ask-PH02a,ask,PH02a,1,,,
ask-PH02b,ask,PH02b,1,,,
ask-PH03a,ask,PH03a,1,,,
ask-PH03b,ask,PH03b,1,,,
ask-PH03c,ask,PH03c,0,,,
ask-PH03d,ask,PH03d,1,,,
ask-PH04,ask,PH04,0,,,
ask-PH05a,ask,PH05a,0,,,
ask-PH05b,ask,PH05b,0,,,
ask-PH06,ask,PH06,0,,,
ask-PH07,ask,PH07,1,,,
ask-PH08a,ask,PH08a,0,,,
ask-PH08b,ask,PH08b,1,,,
ask-WO01a,ask,WO01a,0,,,
ask-WO01b,ask,WO01b,1,,,
ask-WO02a,ask,WO02a,1,,,
ask-WO02b,ask,WO02b,1,,,
ask-WO02c,ask,WO02c,0,,,
ask-WO03,ask,WO03,0,,,
ask-WO04a,ask,WO04a,1,,,
ask-WO04b,ask,WO04b,0,,,
ask-WO05a,ask,WO05a,1,,,
bft-GC01b,bft,GC01b,0,,,
bft-GC01c,bft,GC01c,0,,,
bft-GC02a,bft,GC02a,1,,,
bft-GC02b,bft,GC02b,0,,,
bft-GC02c,bft,GC02c,0,,,
bft-GC02d,bft,GC02d,1,,,
bft-GC03,bft,GC03,0,,,
bft-GC04a,bft,GC04a,0,,,
bft-GC04b,bft,GC04b,1,,,
bft-GC05a,bft,GC05a,0,,,
bft-GC05b,bft,GC05b,0,,,
bft-GC06a,bft,GC06a,0,,,
bft-GC06b,bft,GC06b,1,,,
bft-GC07a,bft,GC07a,0,,,
bft-GC07b,bft,GC07b,0,,,
bft-PH01a,bft,PH01a,1,,,
bft-PH01b,bft,PH01b,1,,,
bft-PH01c,bft,PH01c,0,,,
bft-PH02a,bft,PH02a,1,,,
bft-PH02b,bft,PH02b,0,,,
bft-PH03a,bft,PH03a,1,,,
bft-PH03b,bft,PH03b,1,,,
bft-PH03c,bft,PH03c,1,,,
bft-PH03d,bft,PH03d,0,,,
bft-PH04,bft,PH04,1,,,
bft-PH05a,bft,PH05a,1,,,
bft-PH05b,bft,PH05b,0,,,
bft-PH06,bft,PH06,1,,,
bft-PH07,bft,PH07,0,,,
bft-PH08a,bft,PH08a,0,,,
bft-PH08b,bft,PH08b,1,,,
bft-WO01a,bft,WO01a,0,,,
bft-WO01b,bft,WO01b,1,,,
bft-WO02a,bft,WO02a,1,,,
bft-WO02b,bft,WO02b,1,,,
bft-WO02c,bft,WO02c,0,,,
bft-WO03,bft,WO03,0,,,
bft-WO04a,bft,WO04a,0,,,
bft-WO04b,bft,WO04b,1,,,
bft-WO05a,bft,WO05a,1,,,
btv-GC01b,btv,GC01b,1,,,
btv-GC01c,btv,GC01c,0,,,
btv-GC02a,btv,GC02a,0,,,
btv-GC02b,btv,GC02b,0,,,
btv-GC02c,btv,GC02c,0,,,
btv-GC02d,btv,GC02d,1,,,
btv-GC03,btv,GC03,0,,,
btv-GC04a,btv,GC04a,0,,,
btv-GC04b,btv,GC04b,1,,,
btv-GC05a,btv,GC05a,0,,,
btv-GC05b,btv,GC05b,1,,,
btv-GC06a,btv,GC06a,0,,,
btv-GC06b,btv,GC06b,1,,,
btv-GC07a,btv,GC07a,0,,,
btv-GC07b,btv,GC07b,0,,,
btv-PH01a,btv,PH01a,1,,,
btv-PH01b,btv,PH01b,1,,,
btv-PH01c,btv,PH01c,1,,,
btv-PH02a,btv,PH02a,1,,,
btv-PH02b,btv,PH02b,1,,,
btv-PH03a,btv,PH03a,1,,,
btv-PH03b,btv,PH03b,0,,,
btv-PH03c,btv,PH03c,0,,,
btv-PH03d,btv,PH03d,0,,,
btv-PH04,btv,PH04,0,,,
btv-PH05a,btv,PH05a,1,,,
btv-PH05b,btv,PH05b,1,,,
btv-PH06,btv,PH06,?,,,
btv-PH07,btv,PH07,1,,,
btv-PH08a,btv,PH08a,0,,,
btv-PH08b,btv,PH08b,1,,,
btv-WO01a,btv,WO01a,0,,,
btv-WO01b,btv,WO01b,1,,,
btv-WO02a,btv,WO02a,1,,,
btv-WO02b,btv,WO02b,1,,,
btv-WO02c,btv,WO02c,0,,,
btv-WO03,btv,WO03,0,,,
btv-WO04a,btv,WO04a,0,,,
btv-WO04b,btv,WO04b,0,,,
btv-WO05a,btv,WO05a,1,,,
bkk-GC01b,bkk,GC01b,1,,,
bkk-GC01c,bkk,GC01c,0,,,
bkk-GC02a,bkk,GC02a,1,,,
bkk-GC02b,bkk,GC02b,0,,,
bkk-GC02c,bkk,GC02c,0,,,
bkk-GC02d,bkk,GC02d,1,,,
bkk-GC03,bkk,GC03,1,,,
bkk-GC04a,bkk,GC04a,0,,,
bkk-GC04b,bkk,GC04b,1,,,
bkk-GC05a,bkk,GC05a,0,,,
bkk-GC05b,bkk,GC05b,1,,,
bkk-GC06a,bkk,GC06a,0,,,
bkk-GC06b,bkk,GC06b,1,,,
bkk-GC07a,bkk,GC07a,0,,,
bkk-GC07b,bkk,GC07b,0,,,
bkk-PH01a,bkk,PH01a,1,,,
bkk-PH01b,bkk,PH01b,1,,,
bkk-PH01c,bkk,PH01c,1,,,
bkk-PH02a,bkk,PH02a,1,,,
bkk-PH02b,bkk,PH02b,0,,,
bkk-PH03a,bkk,PH03a,1,,,
bkk-PH03b,bkk,PH03b,1,,,
bkk-PH03c,bkk,PH03c,0,,,
bkk-PH03d,bkk,PH03d,0,,,
bkk-PH04,bkk,PH04,0,,,
bkk-PH05a,bkk,PH05a,1,,,
bkk-PH05b,bkk,PH05b,0,,,
bkk-PH06,bkk,PH06,1,,,
bkk-PH07,bkk,PH07,0,,,
bkk-PH08a,bkk,PH08a,0,,,
bkk-PH08b,bkk,PH08b,1,,,
bkk-WO01a,bkk,WO01a,0,,,
bkk-WO01b,bkk,WO01b,1,,,
bkk-WO02a,bkk,WO02a,1,,,
bkk-WO02b,bkk,WO02b,1,,,
bkk-WO02c,bkk,WO02c,0,,,
bkk-WO03,bkk,WO03,0,,,
bkk-WO04a,bkk,WO04a,0,,,
bkk-WO04b,bkk,WO04b,1,,,
bkk-WO05a,bkk,WO05a,1,,,
bsk_h-GC01b,bsk_h,GC01b,1,,,
bsk_h-GC01c,bsk_h,GC01c,1,,,
bsk_h-GC02a,bsk_h,GC02a,1,,,
bsk_h-GC02b,bsk_h,GC02b,0,,,
bsk_h-GC02c,bsk_h,GC02c,0,,,
bsk_h-GC02d,bsk_h,GC02d,1,,,
bsk_h-GC03,bsk_h,GC03,1,,,
bsk_h-GC04a,bsk_h,GC04a,0,,,
bsk_h-GC04b,bsk_h,GC04b,1,,,
bsk_h-GC05a,bsk_h,GC05a,0,,,
bsk_h-GC05b,bsk_h,GC05b,1,,,
bsk_h-GC06a,bsk_h,GC06a,0,,,
bsk_h-GC06b,bsk_h,GC06b,1,,,
bsk_h-GC07a,bsk_h,GC07a,1,,,
bsk_h-GC07b,bsk_h,GC07b,0,,,
bsk_h-PH01a,bsk_h,PH01a,1,,,
bsk_h-PH01b,bsk_h,PH01b,1,,,
bsk_h-PH01c,bsk_h,PH01c,1,,,
bsk_h-PH02a,bsk_h,PH02a,1,,,
bsk_h-PH02b,bsk_h,PH02b,1,,,
bsk_h-PH03a,bsk_h,PH03a,1,,,
bsk_h-PH03b,bsk_h,PH03b,0,,,
bsk_h-PH03c,bsk_h,PH03c,0,,,
bsk_h-PH03d,bsk_h,PH03d,0,,,
bsk_h-PH04,bsk_h,PH04,0,,,
bsk_h-PH05a,bsk_h,PH05a,1,,,
bsk_h-PH05b,bsk_h,PH05b,0,,,
bsk_h-PH06,bsk_h,PH06,1,,,
bsk_h-PH07,bsk_h,PH07,0,,,
bsk_h-PH08a,bsk_h,PH08a,0,,,
bsk_h-PH08b,bsk_h,PH08b,0,,,
bsk_h-WO01a,bsk_h,WO01a,0,,,
bsk_h-WO01b,bsk_h,WO01b,1,,,
bsk_h-WO02a,bsk_h,WO02a,1,,,
bsk_h-WO02b,bsk_h,WO02b,1,,,
bsk_h-WO02c,bsk_h,WO02c,0,,,
bsk_h-WO03,bsk_h,WO03,0,,,
bsk_h-WO04a,bsk_h,WO04a,0,,,
bsk_h-WO04b,bsk_h,WO04b,1,,,
bsk_h-WO05a,bsk_h,WO05a,1,,,
bsk_n-GC01b,bsk_n,GC01b,1,,,
bsk_n-GC01c,bsk_n,GC01c,1,,,
bsk_n-GC02a,bsk_n,GC02a,1,,,
bsk_n-GC02b,bsk_n,GC02b,0,,,
bsk_n-GC02c,bsk_n,GC02c,0,,,
bsk_n-GC02d,bsk_n,GC02d,1,,,
bsk_n-GC03,bsk_n,GC03,?,,,
bsk_n-GC04a,bsk_n,GC04a,0,,,
bsk_n-GC04b,bsk_n,GC04b,1,,,
bsk_n-GC05a,bsk_n,GC05a,0,,,
bsk_n-GC05b,bsk_n,GC05b,1,,,
bsk_n-GC06a,bsk_n,GC06a,0,,,
bsk_n-GC06b,bsk_n,GC06b,1,,,
bsk_n-GC07a,bsk_n,GC07a,1,,,
bsk_n-GC07b,bsk_n,GC07b,0,,,
bsk_n-PH01a,bsk_n,PH01a,1,,,
bsk_n-PH01b,bsk_n,PH01b,1,,,
bsk_n-PH01c,bsk_n,PH01c,1,,,
bsk_n-PH02a,bsk_n,PH02a,1,,,
bsk_n-PH02b,bsk_n,PH02b,1,,,
bsk_n-PH03a,bsk_n,PH03a,1,,,
bsk_n-PH03b,bsk_n,PH03b,0,,,
bsk_n-PH03c,bsk_n,PH03c,0,,,
bsk_n-PH03d,bsk_n,PH03d,0,,,
bsk_n-PH04,bsk_n,PH04,0,,,
bsk_n-PH05a,bsk_n,PH05a,1,,,
bsk_n-PH05b,bsk_n,PH05b,0,,,
bsk_n-PH06,bsk_n,PH06,1,,,
bsk_n-PH07,bsk_n,PH07,1,,,
bsk_n-PH08a,bsk_n,PH08a,0,,,
bsk_n-PH08b,bsk_n,PH08b,0,,,
bsk_n-WO01a,bsk_n,WO01a,0,,,
bsk_n-WO01b,bsk_n,WO01b,1,,,
bsk_n-WO02a,bsk_n,WO02a,1,,,
bsk_n-WO02b,bsk_n,WO02b,1,,,
bsk_n-WO02c,bsk_n,WO02c,0,,,
bsk_n-WO03,bsk_n,WO03,0,,,
bsk_n-WO04a,bsk_n,WO04a,0,,,
bsk_n-WO04b,bsk_n,WO04b,1,,,
bsk_n-WO05a,bsk_n,WO05a,1,,,
dml-GC01b,dml,GC01b,1,,,
dml-GC01c,dml,GC01c,1,,,
dml-GC02a,dml,GC02a,1,,,
dml-GC02b,dml,GC02b,0,,,
dml-GC02c,dml,GC02c,0,,,
dml-GC02d,dml,GC02d,1,,,
dml-GC03,dml,GC03,0,,,
dml-GC04a,dml,GC04a,0,,,
dml-GC04b,dml,GC04b,1,,,
dml-GC05a,dml,GC05a,0,,,
dml-GC05b,dml,GC05b,0,,,
dml-GC06a,dml,GC06a,0,,,
dml-GC06b,dml,GC06b,1,,,
dml-GC07a,dml,GC07a,0,,,
dml-GC07b,dml,GC07b,?,,,
dml-PH01a,dml,PH01a,1,,,
dml-PH01b,dml,PH01b,1,,,
dml-PH01c,dml,PH01c,1,,,
dml-PH02a,dml,PH02a,1,,,
dml-PH02b,dml,PH02b,1,,,
dml-PH03a,dml,PH03a,1,,,
dml-PH03b,dml,PH03b,1,,,
dml-PH03c,dml,PH03c,0,,,
dml-PH03d,dml,PH03d,0,,,
dml-PH04,dml,PH04,0,,,
dml-PH05a,dml,PH05a,1,,,
dml-PH05b,dml,PH05b,0,,,
dml-PH06,dml,PH06,0,,,
dml-PH07,dml,PH07,1,,,
dml-PH08a,dml,PH08a,0,,,
dml-PH08b,dml,PH08b,1,,,
dml-WO01a,dml,WO01a,0,,,
dml-WO01b,dml,WO01b,1,,,
dml-WO02a,dml,WO02a,1,,,
dml-WO02b,dml,WO02b,1,,,
dml-WO02c,dml,WO02c,0,,,
dml-WO03,dml,WO03,0,,,
dml-WO04a,dml,WO04a,0,,,
dml-WO04b,dml,WO04b,1,,,
dml-WO05a,dml,WO05a,1,,,
prs_d-GC01b,prs_d,GC01b,0,,,
prs_d-GC01c,prs_d,GC01c,0,,,
prs_d-GC02a,prs_d,GC02a,0,,,
prs_d-GC02b,prs_d,GC02b,0,,,
prs_d-GC02c,prs_d,GC02c,1,,,
prs_d-GC02d,prs_d,GC02d,1,,,
prs_d-GC03,prs_d,GC03,0,,,
prs_d-GC04a,prs_d,GC04a,1,,,
prs_d-GC04b,prs_d,GC04b,0,,,
prs_d-GC05a,prs_d,GC05a,1,,,
prs_d-GC05b,prs_d,GC05b,1,,,
prs_d-GC06a,prs_d,GC06a,1,,,
prs_d-GC06b,prs_d,GC06b,0,,,
prs_d-GC07a,prs_d,GC07a,0,,,
prs_d-GC07b,prs_d,GC07b,1,,,
prs_d-PH01a,prs_d,PH01a,0,,,
prs_d-PH01b,prs_d,PH01b,0,,,
prs_d-PH01c,prs_d,PH01c,0,,,
prs_d-PH02a,prs_d,PH02a,0,,,
prs_d-PH02b,prs_d,PH02b,0,,,
prs_d-PH03a,prs_d,PH03a,1,,,
prs_d-PH03b,prs_d,PH03b,0,,,
prs_d-PH03c,prs_d,PH03c,0,,,
prs_d-PH03d,prs_d,PH03d,1,,,
prs_d-PH04,prs_d,PH04,0,,,
prs_d-PH05a,prs_d,PH05a,0,,,
prs_d-PH05b,prs_d,PH05b,0,,,
prs_d-PH06,prs_d,PH06,1,,,
prs_d-PH07,prs_d,PH07,0,,,
prs_d-PH08a,prs_d,PH08a,0,,,
prs_d-PH08b,prs_d,PH08b,0,,,
prs_d-WO01a,prs_d,WO01a,0,,,
prs_d-WO01b,prs_d,WO01b,1,,,
prs_d-WO02a,prs_d,WO02a,1,,,
prs_d-WO02b,prs_d,WO02b,1,,,
prs_d-WO02c,prs_d,WO02c,1,,,
prs_d-WO03,prs_d,WO03,0,,,
prs_d-WO04a,prs_d,WO04a,0,,,
prs_d-WO04b,prs_d,WO04b,0,,,
prs_d-WO05a,prs_d,WO05a,0,,,
gwt_a-GC01b,gwt_a,GC01b,1,,,
gwt_a-GC01c,gwt_a,GC01c,0,,,
gwt_a-GC02a,gwt_a,GC02a,1,,,
gwt_a-GC02b,gwt_a,GC02b,1,,,
gwt_a-GC02c,gwt_a,GC02c,1,,,
gwt_a-GC02d,gwt_a,GC02d,1,,,
gwt_a-GC03,gwt_a,GC03,0,,,
gwt_a-GC04a,gwt_a,GC04a,0,,,
gwt_a-GC04b,gwt_a,GC04b,1,,,
gwt_a-GC05a,gwt_a,GC05a,0,,,
gwt_a-GC05b,gwt_a,GC05b,1,,,
gwt_a-GC06a,gwt_a,GC06a,0,,,
gwt_a-GC06b,gwt_a,GC06b,1,,,
gwt_a-GC07a,gwt_a,GC07a,0,,,
gwt_a-GC07b,gwt_a,GC07b,1,,,
gwt_a-PH01a,gwt_a,PH01a,1,,,
gwt_a-PH01b,gwt_a,PH01b,1,,,
gwt_a-PH01c,gwt_a,PH01c,1,,,
gwt_a-PH02a,gwt_a,PH02a,1,,,
gwt_a-PH02b,gwt_a,PH02b,0,,,
gwt_a-PH03a,gwt_a,PH03a,1,,,
gwt_a-PH03b,gwt_a,PH03b,1,,,
gwt_a-PH03c,gwt_a,PH03c,0,,,
gwt_a-PH03d,gwt_a,PH03d,1,,,
gwt_a-PH04,gwt_a,PH04,1,,,
gwt_a-PH05a,gwt_a,PH05a,0,,,
gwt_a-PH05b,gwt_a,PH05b,0,,,
gwt_a-PH06,gwt_a,PH06,0,,,
gwt_a-PH07,gwt_a,PH07,0,,,
gwt_a-PH08a,gwt_a,PH08a,0,,,
gwt_a-PH08b,gwt_a,PH08b,0,,,
gwt_a-WO01a,gwt_a,WO01a,0,,,
gwt_a-WO01b,gwt_a,WO01b,1,,,
gwt_a-WO02a,gwt_a,WO02a,1,,,
gwt_a-WO02b,gwt_a,WO02b,1,,,
gwt_a-WO02c,gwt_a,WO02c,0,,,
gwt_a-WO03,gwt_a,WO03,0,,,
gwt_a-WO04a,gwt_a,WO04a,1,,,
gwt_a-WO04b,gwt_a,WO04b,1,,,
gwt_a-WO05a,gwt_a,WO05a,1,,,
gwt_p-GC01b,gwt_p,GC01b,1,,,
gwt_p-GC01c,gwt_p,GC01c,0,,,
gwt_p-GC02a,gwt_p,GC02a,1,,,
gwt_p-GC02b,gwt_p,GC02b,1,,,
gwt_p-GC02c,gwt_p,GC02c,1,,,
gwt_p-GC02d,gwt_p,GC02d,1,,,
gwt_p-GC03,gwt_p,GC03,0,,,
gwt_p-GC04a,gwt_p,GC04a,0,,,
gwt_p-GC04b,gwt_p,GC04b,1,,,
gwt_p-GC05a,gwt_p,GC05a,0,,,
gwt_p-GC05b,gwt_p,GC05b,0,,,
gwt_p-GC06a,gwt_p,GC06a,0,,,
gwt_p-GC06b,gwt_p,GC06b,1,,,
gwt_p-GC07a,gwt_p,GC07a,0,,,
gwt_p-GC07b,gwt_p,GC07b,?,,,
gwt_p-PH01a,gwt_p,PH01a,1,,,
gwt_p-PH01b,gwt_p,PH01b,1,,,
gwt_p-PH01c,gwt_p,PH01c,1,,,
gwt_p-PH02a,gwt_p,PH02a,1,,,
gwt_p-PH02b,gwt_p,PH02b,1,,,
gwt_p-PH03a,gwt_p,PH03a,1,,,
gwt_p-PH03b,gwt_p,PH03b,0,,,
gwt_p-PH03c,gwt_p,PH03c,0,,,
gwt_p-PH03d,gwt_p,PH03d,1,,,
gwt_p-PH04,gwt_p,PH04,1,,,
gwt_p-PH05a,gwt_p,PH05a,1,,,
gwt_p-PH05b,gwt_p,PH05b,0,,,
gwt_p-PH06,gwt_p,PH06,0,,,
gwt_p-PH07,gwt_p,PH07,1,,,
gwt_p-PH08a,gwt_p,PH08a,0,,,
gwt_p-PH08b,gwt_p,PH08b,1,,,
gwt_p-WO01a,gwt_p,WO01a,0,,,
gwt_p-WO01b,gwt_p,WO01b,1,,,
gwt_p-WO02a,gwt_p,WO02a,1,,,
gwt_p-WO02b,gwt_p,WO02b,1,,,
gwt_p-WO02c,gwt_p,WO02c,0,,,
gwt_p-WO03,gwt_p,WO03,0,,,
gwt_p-WO04a,gwt_p,WO04a,0,,,
gwt_p-WO04b,gwt_p,WO04b,1,,,
gwt_p-WO05a,gwt_p,WO05a,1,,,
gwc-GC01b,gwc,GC01b,1,,,
gwc-GC01c,gwc,GC01c,0,,,
gwc-GC02a,gwc,GC02a,1,,,
gwc-GC02b,gwc,GC02b,0,,,
gwc-GC02c,gwc,GC02c,0,,,
gwc-GC02d,gwc,GC02d,1,,,
gwc-GC03,gwc,GC03,0,,,
gwc-GC04a,gwc,GC04a,0,,,
gwc-GC04b,gwc,GC04b,1,,,
gwc-GC05a,gwc,GC05a,0,,,
gwc-GC05b,gwc,GC05b,1,,,
gwc-GC06a,gwc,GC06a,0,,,
gwc-GC06b,gwc,GC06b,1,,,
gwc-GC07a,gwc,GC07a,0,,,
gwc-GC07b,gwc,GC07b,0,,,
gwc-PH01a,gwc,PH01a,1,,,
gwc-PH01b,gwc,PH01b,1,,,
gwc-PH01c,gwc,PH01c,1,,,
gwc-PH02a,gwc,PH02a,1,,,
gwc-PH02b,gwc,PH02b,1,,,
gwc-PH03a,gwc,PH03a,1,,,
gwc-PH03b,gwc,PH03b,0,,,
gwc-PH03c,gwc,PH03c,0,,,
gwc-PH03d,gwc,PH03d,0,,,
gwc-PH04,gwc,PH04,1,,,
gwc-PH05a,gwc,PH05a,1,,,
gwc-PH05b,gwc,PH05b,0,,,
gwc-PH06,gwc,PH06,1,,,
gwc-PH07,gwc,PH07,1,,,
gwc-PH08a,gwc,PH08a,0,,,
gwc-PH08b,gwc,PH08b,0,,,
gwc-WO01a,gwc,WO01a,0,,,
gwc-WO01b,gwc,WO01b,1,,,
gwc-WO02a,gwc,WO02a,1,,,
gwc-WO02b,gwc,WO02b,1,,,
gwc-WO02c,gwc,WO02c,0,,,
gwc-WO03,gwc,WO03,0,,,
gwc-WO04a,gwc,WO04a,0,,,
gwc-WO04b,gwc,WO04b,1,,,
gwc-WO05a,gwc,WO05a,1,,,
gju_a-GC01b,gju_a,GC01b,1,,,
gju_a-GC01c,gju_a,GC01c,0,,,
gju_a-GC02a,gju_a,GC02a,1,,,
gju_a-GC02b,gju_a,GC02b,1,,,
gju_a-GC02c,gju_a,GC02c,1,,,
gju_a-GC02d,gju_a,GC02d,1,,,
gju_a-GC03,gju_a,GC03,0,,,
gju_a-GC04a,gju_a,GC04a,0,,,
gju_a-GC04b,gju_a,GC04b,1,,,
gju_a-GC05a,gju_a,GC05a,0,,,
gju_a-GC05b,gju_a,GC05b,1,,,
gju_a-GC06a,gju_a,GC06a,0,,,
gju_a-GC06b,gju_a,GC06b,1,,,
gju_a-GC07a,gju_a,GC07a,0,,,
gju_a-GC07b,gju_a,GC07b,0,,,
gju_a-PH01a,gju_a,PH01a,1,,,
gju_a-PH01b,gju_a,PH01b,1,,,
gju_a-PH01c,gju_a,PH01c,0,,,
gju_a-PH02a,gju_a,PH02a,1,,,
gju_a-PH02b,gju_a,PH02b,0,,,
gju_a-PH03a,gju_a,PH03a,1,,,
gju_a-PH03b,gju_a,PH03b,1,,,
gju_a-PH03c,gju_a,PH03c,0,,,
gju_a-PH03d,gju_a,PH03d,1,,,
gju_a-PH04,gju_a,PH04,0,,,
gju_a-PH05a,gju_a,PH05a,1,,,
gju_a-PH05b,gju_a,PH05b,1,,,
gju_a-PH06,gju_a,PH06,0,,,
gju_a-PH07,gju_a,PH07,1,,,
gju_a-PH08a,gju_a,PH08a,0,,,
gju_a-PH08b,gju_a,PH08b,0,,,
gju_a-WO01a,gju_a,WO01a,0,,,
gju_a-WO01b,gju_a,WO01b,1,,,
gju_a-WO02a,gju_a,WO02a,1,,,
gju_a-WO02b,gju_a,WO02b,1,,,
gju_a-WO02c,gju_a,WO02c,0,,,
gju_a-WO03,gju_a,WO03,0,,,
gju_a-WO04a,gju_a,WO04a,1,,,
gju_a-WO04b,gju_a,WO04b,0,,,
gju_a-WO05a,gju_a,WO05a,1,,,
gju_p-GC01b,gju_p,GC01b,1,,,
gju_p-GC01c,gju_p,GC01c,0,,,
gju_p-GC02a,gju_p,GC02a,1,,,
gju_p-GC02b,gju_p,GC02b,1,,,
gju_p-GC02c,gju_p,GC02c,0,,,
gju_p-GC02d,gju_p,GC02d,0,,,
gju_p-GC03,gju_p,GC03,0,,,
gju_p-GC04a,gju_p,GC04a,0,,,
gju_p-GC04b,gju_p,GC04b,1,,,
gju_p-GC05a,gju_p,GC05a,0,,,
gju_p-GC05b,gju_p,GC05b,0,,,
gju_p-GC06a,gju_p,GC06a,0,,,
gju_p-GC06b,gju_p,GC06b,1,,,
gju_p-GC07a,gju_p,GC07a,0,,,
gju_p-GC07b,gju_p,GC07b,0,,,
gju_p-PH01a,gju_p,PH01a,1,,,
gju_p-PH01b,gju_p,PH01b,1,,,
gju_p-PH01c,gju_p,PH01c,0,,,
gju_p-PH02a,gju_p,PH02a,1,,,
gju_p-PH02b,gju_p,PH02b,0,,,
gju_p-PH03a,gju_p,PH03a,1,,,
gju_p-PH03b,gju_p,PH03b,1,,,
gju_p-PH03c,gju_p,PH03c,0,,,
gju_p-PH03d,gju_p,PH03d,1,,,
gju_p-PH04,gju_p,PH04,0,,,
gju_p-PH05a,gju_p,PH05a,1,,,
gju_p-PH05b,gju_p,PH05b,0,,,
gju_p-PH06,gju_p,PH06,0,,,
gju_p-PH07,gju_p,PH07,1,,,
gju_p-PH08a,gju_p,PH08a,0,,,
gju_p-PH08b,gju_p,PH08b,1,,,
gju_p-WO01a,gju_p,WO01a,0,,,
gju_p-WO01b,gju_p,WO01b,1,,,
gju_p-WO02a,gju_p,WO02a,1,,,
gju_p-WO02b,gju_p,WO02b,1,,,
gju_p-WO02c,gju_p,WO02c,0,,,
gju_p-WO03,gju_p,WO03,0,,,
gju_p-WO04a,gju_p,WO04a,0,,,
gju_p-WO04b,gju_p,WO04b,0,,,
gju_p-WO05a,gju_p,WO05a,1,,,
hno-GC01b,hno,GC01b,1,,,
hno-GC01c,hno,GC01c,0,,,
hno-GC02a,hno,GC02a,1,,,
hno-GC02b,hno,GC02b,1,,,
hno-GC02c,hno,GC02c,0,,,
hno-GC02d,hno,GC02d,0,,,
hno-GC03,hno,GC03,0,,,
hno-GC04a,hno,GC04a,0,,,
hno-GC04b,hno,GC04b,1,,,
hno-GC05a,hno,GC05a,0,,,
hno-GC05b,hno,GC05b,0,,,
hno-GC06a,hno,GC06a,0,,,
hno-GC06b,hno,GC06b,1,,,
hno-GC07a,hno,GC07a,0,,,
hno-GC07b,hno,GC07b,0,,,
hno-PH01a,hno,PH01a,1,,,
hno-PH01b,hno,PH01b,1,,,
hno-PH01c,hno,PH01c,0,,,
hno-PH02a,hno,PH02a,0,,,
hno-PH02b,hno,PH02b,0,,,
hno-PH03a,hno,PH03a,1,,,
hno-PH03b,hno,PH03b,1,,,
hno-PH03c,hno,PH03c,0,,,
hno-PH03d,hno,PH03d,1,,,
hno-PH04,hno,PH04,0,,,
hno-PH05a,hno,PH05a,1,,,
hno-PH05b,hno,PH05b,0,,,
hno-PH06,hno,PH06,0,,,
hno-PH07,hno,PH07,1,,,
hno-PH08a,hno,PH08a,0,,,
hno-PH08b,hno,PH08b,0,,,
hno-WO01a,hno,WO01a,0,,,
hno-WO01b,hno,WO01b,1,,,
hno-WO02a,hno,WO02a,1,,,
hno-WO02b,hno,WO02b,1,,,
hno-WO02c,hno,WO02c,0,,,
hno-WO03,hno,WO03,0,,,
hno-WO04a,hno,WO04a,0,,,
hno-WO04b,hno,WO04b,0,,,
hno-WO05a,hno,WO05a,1,,,
mvy-GC01b,mvy,GC01b,1,,,
mvy-GC01c,mvy,GC01c,0,,,
mvy-GC02a,mvy,GC02a,1,,,
mvy-GC02b,mvy,GC02b,0,,,
mvy-GC02c,mvy,GC02c,0,,,
mvy-GC02d,mvy,GC02d,1,,,
mvy-GC03,mvy,GC03,0,,,
mvy-GC04a,mvy,GC04a,0,,,
mvy-GC04b,mvy,GC04b,1,,,
mvy-GC05a,mvy,GC05a,0,,,
mvy-GC05b,mvy,GC05b,1,,,
mvy-GC06a,mvy,GC06a,0,,,
mvy-GC06b,mvy,GC06b,1,,,
mvy-GC07a,mvy,GC07a,0,,,
mvy-GC07b,mvy,GC07b,0,,,
mvy-PH01a,mvy,PH01a,1,,,
mvy-PH01b,mvy,PH01b,1,,,
mvy-PH01c,mvy,PH01c,1,,,
mvy-PH02a,mvy,PH02a,1,,,
mvy-PH02b,mvy,PH02b,1,,,
mvy-PH03a,mvy,PH03a,1,,,
mvy-PH03b,mvy,PH03b,0,,,
mvy-PH03c,mvy,PH03c,0,,,
mvy-PH03d,mvy,PH03d,0,,,
mvy-PH04,mvy,PH04,0,,,
mvy-PH05a,mvy,PH05a,1,,,
mvy-PH05b,mvy,PH05b,1,,,
mvy-PH06,mvy,PH06,1,,,
mvy-PH07,mvy,PH07,1,,,
mvy-PH08a,mvy,PH08a,0,,,
mvy-PH08b,mvy,PH08b,1,,,
mvy-WO01a,mvy,WO01a,0,,,
mvy-WO01b,mvy,WO01b,1,,,
mvy-WO02a,mvy,WO02a,1,,,
mvy-WO02b,mvy,WO02b,1,,,
mvy-WO02c,mvy,WO02c,0,,,
mvy-WO03,mvy,WO03,0,,,
mvy-WO04a,mvy,WO04a,0,,,
mvy-WO04b,mvy,WO04b,1,,,
mvy-WO05a,mvy,WO05a,1,,,
isk-GC01b,isk,GC01b,0,,,
isk-GC01c,isk,GC01c,0,,,
isk-GC02a,isk,GC02a,0,,,
isk-GC02b,isk,GC02b,0,,,
isk-GC02c,isk,GC02c,1,,,
isk-GC02d,isk,GC02d,1,,,
isk-GC03,isk,GC03,0,,,
isk-GC04a,isk,GC04a,1,,,
isk-GC04b,isk,GC04b,0,,,
isk-GC05a,isk,GC05a,1,,,
isk-GC05b,isk,GC05b,0,,,
isk-GC06a,isk,GC06a,1,,,
isk-GC06b,isk,GC06b,0,,,
isk-GC07a,isk,GC07a,0,,,
isk-GC07b,isk,GC07b,0,,,
isk-PH01a,isk,PH01a,0,,,
isk-PH01b,isk,PH01b,0,,,
isk-PH01c,isk,PH01c,0,,,
isk-PH02a,isk,PH02a,1,,,
isk-PH02b,isk,PH02b,0,,,
isk-PH03a,isk,PH03a,1,,,
isk-PH03b,isk,PH03b,1,,,
isk-PH03c,isk,PH03c,0,,,
isk-PH03d,isk,PH03d,1,,,
isk-PH04,isk,PH04,0,,,
isk-PH05a,isk,PH05a,0,,,
isk-PH05b,isk,PH05b,0,,,
isk-PH06,isk,PH06,1,,,
isk-PH07,isk,PH07,0,,,
isk-PH08a,isk,PH08a,0,,,
isk-PH08b,isk,PH08b,0,,,
isk-WO01a,isk,WO01a,0,,,
isk-WO01b,isk,WO01b,1,,,
isk-WO02a,isk,WO02a,1,,,
isk-WO02b,isk,WO02b,1,,,
isk-WO02c,isk,WO02c,1,,,
isk-WO03,isk,WO03,0,,,
isk-WO04a,isk,WO04a,1,,,
isk-WO04b,isk,WO04b,0,,,
isk-WO05a,isk,WO05a,0,,,
kls-GC01b,kls,GC01b,0,,,
kls-GC01c,kls,GC01c,1,,,
kls-GC02a,kls,GC02a,0,,,
kls-GC02b,kls,GC02b,0,,,
kls-GC02c,kls,GC02c,1,,,
kls-GC02d,kls,GC02d,1,,,
kls-GC03,kls,GC03,1,,,
kls-GC04a,kls,GC04a,0,,,
kls-GC04b,kls,GC04b,1,,,
kls-GC05a,kls,GC05a,0,,,
kls-GC05b,kls,GC05b,1,,,
kls-GC06a,kls,GC06a,0,,,
kls-GC06b,kls,GC06b,1,,,
kls-GC07a,kls,GC07a,0,,,
kls-GC07b,kls,GC07b,?,,,
kls-PH01a,kls,PH01a,1,,,
kls-PH01b,kls,PH01b,1,,,
kls-PH01c,kls,PH01c,1,,,
kls-PH02a,kls,PH02a,1,,,
kls-PH02b,kls,PH02b,1,,,
kls-PH03a,kls,PH03a,1,,,
kls-PH03b,kls,PH03b,1,,,
kls-PH03c,kls,PH03c,0,,,
kls-PH03d,kls,PH03d,1,,,
kls-PH04,kls,PH04,0,,,
kls-PH05a,kls,PH05a,1,,,
kls-PH05b,kls,PH05b,1,,,
kls-PH06,kls,PH06,0,,,
kls-PH07,kls,PH07,1,,,
kls-PH08a,kls,PH08a,0,,,
kls-PH08b,kls,PH08b,1,,,
kls-WO01a,kls,WO01a,0,,,
kls-WO01b,kls,WO01b,1,,,
kls-WO02a,kls,WO02a,1,,,
kls-WO02b,kls,WO02b,1,,,
kls-WO02c,kls,WO02c,0,,,
kls-WO03,kls,WO03,0,,,
kls-WO04a,kls,WO04a,0,,,
kls-WO04b,kls,WO04b,1,,,
kls-WO05a,kls,WO05a,1,,,
xka-GC01b,xka,GC01b,1,,,
xka-GC01c,xka,GC01c,0,,,
xka-GC02a,xka,GC02a,1,,,
xka-GC02b,xka,GC02b,0,,,
xka-GC02c,xka,GC02c,0,,,
xka-GC02d,xka,GC02d,1,,,
xka-GC03,xka,GC03,0,,,
xka-GC04a,xka,GC04a,0,,,
xka-GC04b,xka,GC04b,1,,,
xka-GC05a,xka,GC05a,0,,,
xka-GC05b,xka,GC05b,1,,,
xka-GC06a,xka,GC06a,0,,,
xka-GC06b,xka,GC06b,1,,,
xka-GC07a,xka,GC07a,0,,,
xka-GC07b,xka,GC07b,0,,,
xka-PH01a,xka,PH01a,1,,,
xka-PH01b,xka,PH01b,1,,,
xka-PH01c,xka,PH01c,1,,,
xka-PH02a,xka,PH02a,1,,,
xka-PH02b,xka,PH02b,1,,,
xka-PH03a,xka,PH03a,1,,,
xka-PH03b,xka,PH03b,1,,,
xka-PH03c,xka,PH03c,0,,,
xka-PH03d,xka,PH03d,0,,,
xka-PH04,xka,PH04,0,,,
xka-PH05a,xka,PH05a,1,,,
xka-PH05b,xka,PH05b,0,,,
xka-PH06,xka,PH06,0,,,
xka-PH07,xka,PH07,0,,,
xka-PH08a,xka,PH08a,0,,,
xka-PH08b,xka,PH08b,1,,,
xka-WO01a,xka,WO01a,0,,,
xka-WO01b,xka,WO01b,1,,,
xka-WO02a,xka,WO02a,1,,,
xka-WO02b,xka,WO02b,1,,,
xka-WO02c,xka,WO02c,0,,,
xka-WO03,xka,WO03,0,,,
xka-WO04a,xka,WO04a,0,,,
xka-WO04b,xka,WO04b,1,,,
xka-WO05a,xka,WO05a,1,,,
xvi-GC01b,xvi,GC01b,1,,,
xvi-GC01c,xvi,GC01c,0,,,
xvi-GC02a,xvi,GC02a,1,,,
xvi-GC02b,xvi,GC02b,0,,,
xvi-GC02c,xvi,GC02c,0,,,
xvi-GC02d,xvi,GC02d,1,,,
xvi-GC03,xvi,GC03,0,,,
xvi-GC04a,xvi,GC04a,0,,,
xvi-GC04b,xvi,GC04b,1,,,
xvi-GC05a,xvi,GC05a,0,,,
xvi-GC05b,xvi,GC05b,1,,,
xvi-GC06a,xvi,GC06a,0,,,
xvi-GC06b,xvi,GC06b,1,,,
xvi-GC07a,xvi,GC07a,0,,,
xvi-GC07b,xvi,GC07b,0,,,
xvi-PH01a,xvi,PH01a,1,,,
xvi-PH01b,xvi,PH01b,1,,,
xvi-PH01c,xvi,PH01c,1,,,
xvi-PH02a,xvi,PH02a,1,,,
xvi-PH02b,xvi,PH02b,1,,,
xvi-PH03a,xvi,PH03a,1,,,
xvi-PH03b,xvi,PH03b,1,,,
xvi-PH03c,xvi,PH03c,1,,,
xvi-PH03d,xvi,PH03d,1,,,
xvi-PH04,xvi,PH04,0,,,
xvi-PH05a,xvi,PH05a,0,,,
xvi-PH05b,xvi,PH05b,0,,,
xvi-PH06,xvi,PH06,0,,,
xvi-PH07,xvi,PH07,1,,,
xvi-PH08a,xvi,PH08a,0,,,
xvi-PH08b,xvi,PH08b,0,,,
xvi-WO01a,xvi,WO01a,0,,,
xvi-WO01b,xvi,WO01b,1,,,
xvi-WO02a,xvi,WO02a,1,,,
xvi-WO02b,xvi,WO02b,1,,,
xvi-WO02c,xvi,WO02c,0,,,
xvi-WO03,xvi,WO03,0,,,
xvi-WO04a,xvi,WO04a,1,,,
xvi-WO04b,xvi,WO04b,0,,,
xvi-WO05a,xvi,WO05a,1,,,
kas_i-GC01b,kas_i,GC01b,1,,,
kas_i-GC01c,kas_i,GC01c,0,,,
kas_i-GC02a,kas_i,GC02a,1,,,
kas_i-GC02b,kas_i,GC02b,1,,,
kas_i-GC02c,kas_i,GC02c,0,,,
kas_i-GC02d,kas_i,GC02d,0,,,
kas_i-GC03,kas_i,GC03,1,,,
kas_i-GC04a,kas_i,GC04a,0,,,
kas_i-GC04b,kas_i,GC04b,1,,,
kas_i-GC05a,kas_i,GC05a,0,,,
kas_i-GC05b,kas_i,GC05b,0,,,
kas_i-GC06a,kas_i,GC06a,0,,,
kas_i-GC06b,kas_i,GC06b,1,,,
kas_i-GC07a,kas_i,GC07a,0,,,
kas_i-GC07b,kas_i,GC07b,0,,,
kas_i-PH01a,kas_i,PH01a,1,,,
kas_i-PH01b,kas_i,PH01b,1,,,
kas_i-PH01c,kas_i,PH01c,0,,,
kas_i-PH02a,kas_i,PH02a,1,,,
kas_i-PH02b,kas_i,PH02b,0,,,
kas_i-PH03a,kas_i,PH03a,1,,,
kas_i-PH03b,kas_i,PH03b,1,,,
kas_i-PH03c,kas_i,PH03c,0,,,
kas_i-PH03d,kas_i,PH03d,1,,,
kas_i-PH04,kas_i,PH04,0,,,
kas_i-PH05a,kas_i,PH05a,1,,,
kas_i-PH05b,kas_i,PH05b,0,,,
kas_i-PH06,kas_i,PH06,0,,,
kas_i-PH07,kas_i,PH07,1,,,
kas_i-PH08a,kas_i,PH08a,0,,,
kas_i-PH08b,kas_i,PH08b,1,,,
kas_i-WO01a,kas_i,WO01a,1,,,
kas_i-WO01b,kas_i,WO01b,1,,,
kas_i-WO02a,kas_i,WO02a,1,,,
kas_i-WO02b,kas_i,WO02b,1,,,
kas_i-WO02c,kas_i,WO02c,0,,,
kas_i-WO03,kas_i,WO03,0,,,
kas_i-WO04a,kas_i,WO04a,0,,,
kas_i-WO04b,kas_i,WO04b,0,,,
kas_i-WO05a,kas_i,WO05a,1,,,
kas_p-GC01b,kas_p,GC01b,1,,,
kas_p-GC01c,kas_p,GC01c,0,,,
kas_p-GC02a,kas_p,GC02a,1,,,
kas_p-GC02b,kas_p,GC02b,1,,,
kas_p-GC02c,kas_p,GC02c,0,,,
kas_p-GC02d,kas_p,GC02d,0,,,
kas_p-GC03,kas_p,GC03,1,,,
kas_p-GC04a,kas_p,GC04a,0,,,
kas_p-GC04b,kas_p,GC04b,1,,,
kas_p-GC05a,kas_p,GC05a,0,,,
kas_p-GC05b,kas_p,GC05b,0,,,
kas_p-GC06a,kas_p,GC06a,0,,,
kas_p-GC06b,kas_p,GC06b,1,,,
kas_p-GC07a,kas_p,GC07a,0,,,
kas_p-GC07b,kas_p,GC07b,0,,,
kas_p-PH01a,kas_p,PH01a,1,,,
kas_p-PH01b,kas_p,PH01b,1,,,
kas_p-PH01c,kas_p,PH01c,0,,,
kas_p-PH02a,kas_p,PH02a,1,,,
kas_p-PH02b,kas_p,PH02b,0,,,
kas_p-PH03a,kas_p,PH03a,1,,,
kas_p-PH03b,kas_p,PH03b,1,,,
kas_p-PH03c,kas_p,PH03c,0,,,
kas_p-PH03d,kas_p,PH03d,1,,,
kas_p-PH04,kas_p,PH04,0,,,
kas_p-PH05a,kas_p,PH05a,1,,,
kas_p-PH05b,kas_p,PH05b,0,,,
kas_p-PH06,kas_p,PH06,0,,,
kas_p-PH07,kas_p,PH07,1,,,
kas_p-PH08a,kas_p,PH08a,0,,,
kas_p-PH08b,kas_p,PH08b,0,,,
kas_p-WO01a,kas_p,WO01a,1,,,
kas_p-WO01b,kas_p,WO01b,1,,,
kas_p-WO02a,kas_p,WO02a,1,,,
kas_p-WO02b,kas_p,WO02b,1,,,
kas_p-WO02c,kas_p,WO02c,0,,,
kas_p-WO03,kas_p,WO03,0,,,
kas_p-WO04a,kas_p,WO04a,0,,,
kas_p-WO04b,kas_p,WO04b,0,,,
kas_p-WO05a,kas_p,WO05a,1,,,
bsh_e-GC01b,bsh_e,GC01b,1,,,
bsh_e-GC01c,bsh_e,GC01c,0,,,
bsh_e-GC02a,bsh_e,GC02a,1,,,
bsh_e-GC02b,bsh_e,GC02b,1,,,
bsh_e-GC02c,bsh_e,GC02c,1,,,
bsh_e-GC02d,bsh_e,GC02d,1,,,
bsh_e-GC03,bsh_e,GC03,0,,,
bsh_e-GC04a,bsh_e,GC04a,0,,,
bsh_e-GC04b,bsh_e,GC04b,1,,,
bsh_e-GC05a,bsh_e,GC05a,0,,,
bsh_e-GC05b,bsh_e,GC05b,1,,,
bsh_e-GC06a,bsh_e,GC06a,0,,,
bsh_e-GC06b,bsh_e,GC06b,1,,,
bsh_e-GC07a,bsh_e,GC07a,0,,,
bsh_e-GC07b,bsh_e,GC07b,0,,,
bsh_e-PH01a,bsh_e,PH01a,1,,,
bsh_e-PH01b,bsh_e,PH01b,1,,,
bsh_e-PH01c,bsh_e,PH01c,1,,,
bsh_e-PH02a,bsh_e,PH02a,1,,,
bsh_e-PH02b,bsh_e,PH02b,1,,,
bsh_e-PH03a,bsh_e,PH03a,1,,,
bsh_e-PH03b,bsh_e,PH03b,1,,,
bsh_e-PH03c,bsh_e,PH03c,0,,,
bsh_e-PH03d,bsh_e,PH03d,1,,,
bsh_e-PH04,bsh_e,PH04,0,,,
bsh_e-PH05a,bsh_e,PH05a,0,,,
bsh_e-PH05b,bsh_e,PH05b,0,,,
bsh_e-PH06,bsh_e,PH06,1,,,
bsh_e-PH07,bsh_e,PH07,1,,,
bsh_e-PH08a,bsh_e,PH08a,1,,,
bsh_e-PH08b,bsh_e,PH08b,0,,,
bsh_e-WO01a,bsh_e,WO01a,0,,,
bsh_e-WO01b,bsh_e,WO01b,1,,,
bsh_e-WO02a,bsh_e,WO02a,1,,,
bsh_e-WO02b,bsh_e,WO02b,1,,,
bsh_e-WO02c,bsh_e,WO02c,0,,,
bsh_e-WO03,bsh_e,WO03,0,,,
bsh_e-WO04a,bsh_e,WO04a,0,,,
bsh_e-WO04b,bsh_e,WO04b,0,,,
bsh_e-WO05a,bsh_e,WO05a,1,,,
bsh_w-GC01b,bsh_w,GC01b,1,,,
bsh_w-GC01c,bsh_w,GC01c,0,,,
bsh_w-GC02a,bsh_w,GC02a,1,,,
bsh_w-GC02b,bsh_w,GC02b,0,,,
bsh_w-GC02c,bsh_w,GC02c,0,,,
bsh_w-GC02d,bsh_w,GC02d,1,,,
bsh_w-GC03,bsh_w,GC03,0,,,
bsh_w-GC04a,bsh_w,GC04a,0,,,
bsh_w-GC04b,bsh_w,GC04b,1,,,
bsh_w-GC05a,bsh_w,GC05a,0,,,
bsh_w-GC05b,bsh_w,GC05b,1,,,
bsh_w-GC06a,bsh_w,GC06a,0,,,
bsh_w-GC06b,bsh_w,GC06b,?,,,
bsh_w-GC07a,bsh_w,GC07a,0,,,
bsh_w-GC07b,bsh_w,GC07b,0,,,
bsh_w-PH01a,bsh_w,PH01a,1,,,
bsh_w-PH01b,bsh_w,PH01b,1,,,
bsh_w-PH01c,bsh_w,PH01c,1,,,
bsh_w-PH02a,bsh_w,PH02a,1,,,
bsh_w-PH02b,bsh_w,PH02b,1,,,
bsh_w-PH03a,bsh_w,PH03a,1,,,
bsh_w-PH03b,bsh_w,PH03b,1,,,
bsh_w-PH03c,bsh_w,PH03c,1,,,
bsh_w-PH03d,bsh_w,PH03d,1,,,
bsh_w-PH04,bsh_w,PH04,0,,,
bsh_w-PH05a,bsh_w,PH05a,0,,,
bsh_w-PH05b,bsh_w,PH05b,0,,,
bsh_w-PH06,bsh_w,PH06,1,,,
bsh_w-PH07,bsh_w,PH07,0,,,
bsh_w-PH08a,bsh_w,PH08a,0,,,
bsh_w-PH08b,bsh_w,PH08b,0,,,
bsh_w-WO01a,bsh_w,WO01a,0,,,
bsh_w-WO01b,bsh_w,WO01b,1,,,
bsh_w-WO02a,bsh_w,WO02a,1,,,
bsh_w-WO02b,bsh_w,WO02b,1,,,
bsh_w-WO02c,bsh_w,WO02c,0,,,
bsh_w-WO03,bsh_w,WO03,0,,,
bsh_w-WO04a,bsh_w,WO04a,1,,,
bsh_w-WO04b,bsh_w,WO04b,0,,,
bsh_w-WO05a,bsh_w,WO05a,1,,,
khw-GC01b,khw,GC01b,0,,,
khw-GC01c,khw,GC01c,1,,,
khw-GC02a,khw,GC02a,0,,,
khw-GC02b,khw,GC02b,0,,,
khw-GC02c,khw,GC02c,1,,,
khw-GC02d,khw,GC02d,1,,,
khw-GC03,khw,GC03,0,,,
khw-GC04a,khw,GC04a,0,,,
khw-GC04b,khw,GC04b,1,,,
khw-GC05a,khw,GC05a,0,,,
khw-GC05b,khw,GC05b,1,,,
khw-GC06a,khw,GC06a,0,,,
khw-GC06b,khw,GC06b,1,,,
khw-GC07a,khw,GC07a,0,,,
khw-GC07b,khw,GC07b,0,,,
khw-PH01a,khw,PH01a,1,,,
khw-PH01b,khw,PH01b,1,,,
khw-PH01c,khw,PH01c,1,,,
khw-PH02a,khw,PH02a,1,,,
khw-PH02b,khw,PH02b,1,,,
khw-PH03a,khw,PH03a,1,,,
khw-PH03b,khw,PH03b,1,,,
khw-PH03c,khw,PH03c,0,,,
khw-PH03d,khw,PH03d,1,,,
khw-PH04,khw,PH04,0,,,
khw-PH05a,khw,PH05a,1,,,
khw-PH05b,khw,PH05b,0,,,
khw-PH06,khw,PH06,1,,,
khw-PH07,khw,PH07,0,,,
khw-PH08a,khw,PH08a,0,,,
khw-PH08b,khw,PH08b,1,,,
khw-WO01a,khw,WO01a,0,,,
khw-WO01b,khw,WO01b,1,,,
khw-WO02a,khw,WO02a,1,,,
khw-WO02b,khw,WO02b,1,,,
khw-WO02c,khw,WO02c,0,,,
khw-WO03,khw,WO03,0,,,
khw-WO04a,khw,WO04a,0,,,
khw-WO04b,khw,WO04b,1,,,
khw-WO05a,khw,WO05a,1,,,
plk-GC01b,plk,GC01b,1,,,
plk-GC01c,plk,GC01c,0,,,
plk-GC02a,plk,GC02a,1,,,
plk-GC02b,plk,GC02b,0,,,
plk-GC02c,plk,GC02c,0,,,
plk-GC02d,plk,GC02d,1,,,
plk-GC03,plk,GC03,0,,,
plk-GC04a,plk,GC04a,0,,,
plk-GC04b,plk,GC04b,1,,,
plk-GC05a,plk,GC05a,0,,,
plk-GC05b,plk,GC05b,1,,,
plk-GC06a,plk,GC06a,0,,,
plk-GC06b,plk,GC06b,1,,,
plk-GC07a,plk,GC07a,0,,,
plk-GC07b,plk,GC07b,0,,,
plk-PH01a,plk,PH01a,1,,,
plk-PH01b,plk,PH01b,1,,,
plk-PH01c,plk,PH01c,1,,,
plk-PH02a,plk,PH02a,1,,,
plk-PH02b,plk,PH02b,1,,,
plk-PH03a,plk,PH03a,1,,,
plk-PH03b,plk,PH03b,0,,,
plk-PH03c,plk,PH03c,0,,,
plk-PH03d,plk,PH03d,0,,,
plk-PH04,plk,PH04,0,,,
plk-PH05a,plk,PH05a,1,,,
plk-PH05b,plk,PH05b,0,,,
plk-PH06,plk,PH06,1,,,
plk-PH07,plk,PH07,1,,,
plk-PH08a,plk,PH08a,0,,,
plk-PH08b,plk,PH08b,0,,,
plk-WO01a,plk,WO01a,0,,,
plk-WO01b,plk,WO01b,1,,,
plk-WO02a,plk,WO02a,1,,,
plk-WO02b,plk,WO02b,1,,,
plk-WO02c,plk,WO02c,0,,,
plk-WO03,plk,WO03,0,,,
plk-WO04a,plk,WO04a,0,,,
plk-WO04b,plk,WO04b,1,,,
plk-WO05a,plk,WO05a,1,,,
shd-GC01b,shd,GC01b,1,,,
shd-GC01c,shd,GC01c,0,,,
shd-GC02a,shd,GC02a,1,,,
shd-GC02b,shd,GC02b,1,,,
shd-GC02c,shd,GC02c,0,,,
shd-GC02d,shd,GC02d,0,,,
shd-GC03,shd,GC03,0,,,
shd-GC04a,shd,GC04a,0,,,
shd-GC04b,shd,GC04b,1,,,
shd-GC05a,shd,GC05a,0,,,
shd-GC05b,shd,GC05b,0,,,
shd-GC06a,shd,GC06a,0,,,
shd-GC06b,shd,GC06b,1,,,
shd-GC07a,shd,GC07a,0,,,
shd-GC07b,shd,GC07b,0,,,
shd-PH01a,shd,PH01a,1,,,
shd-PH01b,shd,PH01b,1,,,
shd-PH01c,shd,PH01c,0,,,
shd-PH02a,shd,PH02a,0,,,
shd-PH02b,shd,PH02b,0,,,
shd-PH03a,shd,PH03a,1,,,
shd-PH03b,shd,PH03b,1,,,
shd-PH03c,shd,PH03c,0,,,
shd-PH03d,shd,PH03d,1,,,
shd-PH04,shd,PH04,0,,,
shd-PH05a,shd,PH05a,1,,,
shd-PH05b,shd,PH05b,0,,,
shd-PH06,shd,PH06,0,,,
shd-PH07,shd,PH07,1,,,
shd-PH08a,shd,PH08a,0,,,
shd-PH08b,shd,PH08b,0,,,
shd-WO01a,shd,WO01a,0,,,
shd-WO01b,shd,WO01b,1,,,
shd-WO02a,shd,WO02a,1,,,
shd-WO02b,shd,WO02b,1,,,
shd-WO02c,shd,WO02c,0,,,
shd-WO03,shd,WO03,0,,,
shd-WO04a,shd,WO04a,0,,,
shd-WO04b,shd,WO04b,0,,,
shd-WO05a,shd,WO05a,1,,,
kir-GC01b,kir,GC01b,0,,,
kir-GC01c,kir,GC01c,0,,,
kir-GC02a,kir,GC02a,0,,,
kir-GC02b,kir,GC02b,0,,,
kir-GC02c,kir,GC02c,1,,,
kir-GC02d,kir,GC02d,1,,,
kir-GC03,kir,GC03,?,,,
kir-GC04a,kir,GC04a,0,,,
kir-GC04b,kir,GC04b,1,,,
kir-GC05a,kir,GC05a,0,,,
kir-GC05b,kir,GC05b,1,,,
kir-GC06a,kir,GC06a,0,,,
kir-GC06b,kir,GC06b,1,,,
kir-GC07a,kir,GC07a,0,,,
kir-GC07b,kir,GC07b,1,,,
kir-PH01a,kir,PH01a,0,,,
kir-PH01b,kir,PH01b,0,,,
kir-PH01c,kir,PH01c,0,,,
kir-PH02a,kir,PH02a,0,,,
kir-PH02b,kir,PH02b,0,,,
kir-PH03a,kir,PH03a,1,,,
kir-PH03b,kir,PH03b,0,,,
kir-PH03c,kir,PH03c,0,,,
kir-PH03d,kir,PH03d,1,,,
kir-PH04,kir,PH04,0,,,
kir-PH05a,kir,PH05a,0,,,
kir-PH05b,kir,PH05b,0,,,
kir-PH06,kir,PH06,1,,,
kir-PH07,kir,PH07,0,,,
kir-PH08a,kir,PH08a,1,,,
kir-PH08b,kir,PH08b,0,,,
kir-WO01a,kir,WO01a,0,,,
kir-WO01b,kir,WO01b,1,,,
kir-WO02a,kir,WO02a,1,,,
kir-WO02b,kir,WO02b,1,,,
kir-WO02c,kir,WO02c,0,,,
kir-WO03,kir,WO03,0,,,
kir-WO04a,kir,WO04a,1,,,
kir-WO04b,kir,WO04b,1,,,
kir-WO05a,kir,WO05a,?,,,
lbj-GC01b,lbj,GC01b,0,,,
lbj-GC01c,lbj,GC01c,0,,,
lbj-GC02a,lbj,GC02a,1,,,
lbj-GC02b,lbj,GC02b,0,,,
lbj-GC02c,lbj,GC02c,0,,,
lbj-GC02d,lbj,GC02d,1,,,
lbj-GC03,lbj,GC03,1,,,
lbj-GC04a,lbj,GC04a,0,,,
lbj-GC04b,lbj,GC04b,1,,,
lbj-GC05a,lbj,GC05a,0,,,
lbj-GC05b,lbj,GC05b,1,,,
lbj-GC06a,lbj,GC06a,0,,,
lbj-GC06b,lbj,GC06b,1,,,
lbj-GC07a,lbj,GC07a,0,,,
lbj-GC07b,lbj,GC07b,0,,,
lbj-PH01a,lbj,PH01a,1,,,
lbj-PH01b,lbj,PH01b,1,,,
lbj-PH01c,lbj,PH01c,0,,,
lbj-PH02a,lbj,PH02a,1,,,
lbj-PH02b,lbj,PH02b,0,,,
lbj-PH03a,lbj,PH03a,1,,,
lbj-PH03b,lbj,PH03b,1,,,
lbj-PH03c,lbj,PH03c,1,,,
lbj-PH03d,lbj,PH03d,0,,,
lbj-PH04,lbj,PH04,1,,,
lbj-PH05a,lbj,PH05a,1,,,
lbj-PH05b,lbj,PH05b,0,,,
lbj-PH06,lbj,PH06,0,,,
lbj-PH07,lbj,PH07,0,,,
lbj-PH08a,lbj,PH08a,0,,,
lbj-PH08b,lbj,PH08b,0,,,
lbj-WO01a,lbj,WO01a,0,,,
lbj-WO01b,lbj,WO01b,1,,,
lbj-WO02a,lbj,WO02a,?,,,
lbj-WO02b,lbj,WO02b,?,,,
lbj-WO02c,lbj,WO02c,0,,,
lbj-WO03,lbj,WO03,0,,,
lbj-WO04a,lbj,WO04a,0,,,
lbj-WO04b,lbj,WO04b,1,,,
lbj-WO05a,lbj,WO05a,0,,,
mnj-GC01b,mnj,GC01b,1,,,
mnj-GC01c,mnj,GC01c,0,,,
mnj-GC02a,mnj,GC02a,1,,,
mnj-GC02b,mnj,GC02b,1,,,
mnj-GC02c,mnj,GC02c,1,,,
mnj-GC02d,mnj,GC02d,1,,,
mnj-GC03,mnj,GC03,0,,,
mnj-GC04a,mnj,GC04a,1,,,
mnj-GC04b,mnj,GC04b,1,,,
mnj-GC05a,mnj,GC05a,1,,,
mnj-GC05b,mnj,GC05b,1,,,
mnj-GC06a,mnj,GC06a,1,,,
mnj-GC06b,mnj,GC06b,0,,,
mnj-GC07a,mnj,GC07a,0,,,
mnj-GC07b,mnj,GC07b,1,,,
mnj-PH01a,mnj,PH01a,1,,,
mnj-PH01b,mnj,PH01b,0,,,
mnj-PH01c,mnj,PH01c,1,,,
mnj-PH02a,mnj,PH02a,0,,,
mnj-PH02b,mnj,PH02b,0,,,
mnj-PH03a,mnj,PH03a,1,,,
mnj-PH03b,mnj,PH03b,1,,,
mnj-PH03c,mnj,PH03c,0,,,
mnj-PH03d,mnj,PH03d,1,,,
mnj-PH04,mnj,PH04,0,,,
mnj-PH05a,mnj,PH05a,0,,,
mnj-PH05b,mnj,PH05b,0,,,
mnj-PH06,mnj,PH06,1,,,
mnj-PH07,mnj,PH07,0,,,
mnj-PH08a,mnj,PH08a,0,,,
mnj-PH08b,mnj,PH08b,0,,,
mnj-WO01a,mnj,WO01a,0,,,
mnj-WO01b,mnj,WO01b,1,,,
mnj-WO02a,mnj,WO02a,1,,,
mnj-WO02b,mnj,WO02b,0,,,
mnj-WO02c,mnj,WO02c,1,,,
mnj-WO03,mnj,WO03,0,,,
mnj-WO04a,mnj,WO04a,1,,,
mnj-WO04b,mnj,WO04b,0,,,
mnj-WO05a,mnj,WO05a,1,,,
phr-GC01b,phr,GC01b,1,,,
phr-GC01c,phr,GC01c,0,,,
phr-GC02a,phr,GC02a,1,,,
phr-GC02b,phr,GC02b,1,,,
phr-GC02c,phr,GC02c,0,,,
phr-GC02d,phr,GC02d,0,,,
phr-GC03,phr,GC03,0,,,
phr-GC04a,phr,GC04a,0,,,
phr-GC04b,phr,GC04b,1,,,
phr-GC05a,phr,GC05a,0,,,
phr-GC05b,phr,GC05b,0,,,
phr-GC06a,phr,GC06a,0,,,
phr-GC06b,phr,GC06b,1,,,
phr-GC07a,phr,GC07a,0,,,
phr-GC07b,phr,GC07b,0,,,
phr-PH01a,phr,PH01a,1,,,
phr-PH01b,phr,PH01b,1,,,
phr-PH01c,phr,PH01c,0,,,
phr-PH02a,phr,PH02a,0,,,
phr-PH02b,phr,PH02b,0,,,
phr-PH03a,phr,PH03a,1,,,
phr-PH03b,phr,PH03b,1,,,
phr-PH03c,phr,PH03c,0,,,
phr-PH03d,phr,PH03d,1,,,
phr-PH04,phr,PH04,0,,,
phr-PH05a,phr,PH05a,1,,,
phr-PH05b,phr,PH05b,0,,,
phr-PH06,phr,PH06,0,,,
phr-PH07,phr,PH07,1,,,
phr-PH08a,phr,PH08a,0,,,
phr-PH08b,phr,PH08b,1,,,
phr-WO01a,phr,WO01a,0,,,
phr-WO01b,phr,WO01b,1,,,
phr-WO02a,phr,WO02a,1,,,
phr-WO02b,phr,WO02b,1,,,
phr-WO02c,phr,WO02c,0,,,
phr-WO03,phr,WO03,0,,,
phr-WO04a,phr,WO04a,0,,,
phr-WO04b,phr,WO04b,0,,,
phr-WO05a,phr,WO05a,1,,,
phl-GC01b,phl,GC01b,1,,,
phl-GC01c,phl,GC01c,0,,,
phl-GC02a,phl,GC02a,1,,,
phl-GC02b,phl,GC02b,0,,,
phl-GC02c,phl,GC02c,0,,,
phl-GC02d,phl,GC02d,1,,,
phl-GC03,phl,GC03,0,,,
phl-GC04a,phl,GC04a,0,,,
phl-GC04b,phl,GC04b,1,,,
phl-GC05a,phl,GC05a,0,,,
phl-GC05b,phl,GC05b,1,,,
phl-GC06a,phl,GC06a,0,,,
phl-GC06b,phl,GC06b,1,,,
phl-GC07a,phl,GC07a,0,,,
phl-GC07b,phl,GC07b,0,,,
phl-PH01a,phl,PH01a,1,,,
phl-PH01b,phl,PH01b,1,,,
phl-PH01c,phl,PH01c,1,,,
phl-PH02a,phl,PH02a,1,,,
phl-PH02b,phl,PH02b,1,,,
phl-PH03a,phl,PH03a,1,,,
phl-PH03b,phl,PH03b,1,,,
phl-PH03c,phl,PH03c,0,,,
phl-PH03d,phl,PH03d,1,,,
phl-PH04,phl,PH04,0,,,
phl-PH05a,phl,PH05a,1,,,
phl-PH05b,phl,PH05b,1,,,
phl-PH06,phl,PH06,0,,,
phl-PH07,phl,PH07,0,,,
phl-PH08a,phl,PH08a,0,,,
phl-PH08b,phl,PH08b,1,,,
phl-WO01a,phl,WO01a,0,,,
phl-WO01b,phl,WO01b,1,,,
phl-WO02a,phl,WO02a,1,,,
phl-WO02b,phl,WO02b,1,,,
phl-WO02c,phl,WO02c,0,,,
phl-WO03,phl,WO03,0,,,
phl-WO04a,phl,WO04a,0,,,
phl-WO04b,phl,WO04b,1,,,
phl-WO05a,phl,WO05a,1,,,
prc-GC01b,prc,GC01b,0,,,
prc-GC01c,prc,GC01c,0,,,
prc-GC02a,prc,GC02a,0,,,
prc-GC02b,prc,GC02b,0,,,
prc-GC02c,prc,GC02c,1,,,
prc-GC02d,prc,GC02d,1,,,
prc-GC03,prc,GC03,1,,,
prc-GC04a,prc,GC04a,0,,,
prc-GC04b,prc,GC04b,1,,,
prc-GC05a,prc,GC05a,0,,,
prc-GC05b,prc,GC05b,0,,,
prc-GC06a,prc,GC06a,1,,,
prc-GC06b,prc,GC06b,0,,,
prc-GC07a,prc,GC07a,0,,,
prc-GC07b,prc,GC07b,1,,,
prc-PH01a,prc,PH01a,1,,,
prc-PH01b,prc,PH01b,1,,,
prc-PH01c,prc,PH01c,0,,,
prc-PH02a,prc,PH02a,0,,,
prc-PH02b,prc,PH02b,0,,,
prc-PH03a,prc,PH03a,1,,,
prc-PH03b,prc,PH03b,0,,,
prc-PH03c,prc,PH03c,0,,,
prc-PH03d,prc,PH03d,1,,,
prc-PH04,prc,PH04,0,,,
prc-PH05a,prc,PH05a,1,,,
prc-PH05b,prc,PH05b,1,,,
prc-PH06,prc,PH06,1,,,
prc-PH07,prc,PH07,0,,,
prc-PH08a,prc,PH08a,0,,,
prc-PH08b,prc,PH08b,0,,,
prc-WO01a,prc,WO01a,0,,,
prc-WO01b,prc,WO01b,1,,,
prc-WO02a,prc,WO02a,1,,,
prc-WO02b,prc,WO02b,1,,,
prc-WO02c,prc,WO02c,0,,,
prc-WO03,prc,WO03,0,,,
prc-WO04a,prc,WO04a,1,,,
prc-WO04b,prc,WO04b,0,,,
prc-WO05a,prc,WO05a,1,,,
psh_ai-GC01b,psh_ai,GC01b,1,,,
psh_ai-GC01c,psh_ai,GC01c,0,,,
psh_ai-GC02a,psh_ai,GC02a,0,,,
psh_ai-GC02b,psh_ai,GC02b,0,,,
psh_ai-GC02c,psh_ai,GC02c,0,,,
psh_ai-GC02d,psh_ai,GC02d,1,,,
psh_ai-GC03,psh_ai,GC03,1,,,
psh_ai-GC04a,psh_ai,GC04a,0,,,
psh_ai-GC04b,psh_ai,GC04b,1,,,
psh_ai-GC05a,psh_ai,GC05a,0,,,
psh_ai-GC05b,psh_ai,GC05b,1,,,
psh_ai-GC06a,psh_ai,GC06a,0,,,
psh_ai-GC06b,psh_ai,GC06b,0,,,
psh_ai-GC07a,psh_ai,GC07a,0,,,
psh_ai-GC07b,psh_ai,GC07b,1,,,
psh_ai-PH01a,psh_ai,PH01a,1,,,
psh_ai-PH01b,psh_ai,PH01b,1,,,
psh_ai-PH01c,psh_ai,PH01c,1,,,
psh_ai-PH02a,psh_ai,PH02a,1,,,
psh_ai-PH02b,psh_ai,PH02b,0,,,
psh_ai-PH03a,psh_ai,PH03a,1,,,
psh_ai-PH03b,psh_ai,PH03b,1,,,
psh_ai-PH03c,psh_ai,PH03c,0,,,
psh_ai-PH03d,psh_ai,PH03d,1,,,
psh_ai-PH04,psh_ai,PH04,0,,,
psh_ai-PH05a,psh_ai,PH05a,0,,,
psh_ai-PH05b,psh_ai,PH05b,0,,,
psh_ai-PH06,psh_ai,PH06,0,,,
psh_ai-PH07,psh_ai,PH07,0,,,
psh_ai-PH08a,psh_ai,PH08a,0,,,
psh_ai-PH08b,psh_ai,PH08b,0,,,
psh_ai-WO01a,psh_ai,WO01a,0,,,
psh_ai-WO01b,psh_ai,WO01b,1,,,
psh_ai-WO02a,psh_ai,WO02a,1,,,
psh_ai-WO02b,psh_ai,WO02b,1,,,
psh_ai-WO02c,psh_ai,WO02c,0,,,
psh_ai-WO03,psh_ai,WO03,0,,,
psh_ai-WO04a,psh_ai,WO04a,0,,,
psh_ai-WO04b,psh_ai,WO04b,0,,,
psh_ai-WO05a,psh_ai,WO05a,1,,,
psi_ar-GC01b,psi_ar,GC01b,1,,,
psi_ar-GC01c,psi_ar,GC01c,1,,,
psi_ar-GC02a,psi_ar,GC02a,1,,,
psi_ar-GC02b,psi_ar,GC02b,0,,,
psi_ar-GC02c,psi_ar,GC02c,0,,,
psi_ar-GC02d,psi_ar,GC02d,1,,,
psi_ar-GC03,psi_ar,GC03,1,,,
psi_ar-GC04a,psi_ar,GC04a,0,,,
psi_ar-GC04b,psi_ar,GC04b,1,,,
psi_ar-GC05a,psi_ar,GC05a,0,,,
psi_ar-GC05b,psi_ar,GC05b,1,,,
psi_ar-GC06a,psi_ar,GC06a,0,,,
psi_ar-GC06b,psi_ar,GC06b,1,,,
psi_ar-GC07a,psi_ar,GC07a,0,,,
psi_ar-GC07b,psi_ar,GC07b,1,,,
psi_ar-PH01a,psi_ar,PH01a,1,,,
psi_ar-PH01b,psi_ar,PH01b,1,,,
psi_ar-PH01c,psi_ar,PH01c,0,,,
psi_ar-PH02a,psi_ar,PH02a,1,,,
psi_ar-PH02b,psi_ar,PH02b,0,,,
psi_ar-PH03a,psi_ar,PH03a,1,,,
psi_ar-PH03b,psi_ar,PH03b,1,,,
psi_ar-PH03c,psi_ar,PH03c,0,,,
psi_ar-PH03d,psi_ar,PH03d,1,,,
psi_ar-PH04,psi_ar,PH04,0,,,
psi_ar-PH05a,psi_ar,PH05a,0,,,
psi_ar-PH05b,psi_ar,PH05b,0,,,
psi_ar-PH06,psi_ar,PH06,1,,,
psi_ar-PH07,psi_ar,PH07,0,,,
psi_ar-PH08a,psi_ar,PH08a,0,,,
psi_ar-PH08b,psi_ar,PH08b,0,,,
psi_ar-WO01a,psi_ar,WO01a,0,,,
psi_ar-WO01b,psi_ar,WO01b,1,,,
psi_ar-WO02a,psi_ar,WO02a,1,,,
psi_ar-WO02b,psi_ar,WO02b,1,,,
psi_ar-WO02c,psi_ar,WO02c,0,,,
psi_ar-WO03,psi_ar,WO03,0,,,
psi_ar-WO04a,psi_ar,WO04a,1,,,
psi_ar-WO04b,psi_ar,WO04b,0,,,
psi_ar-WO05a,psi_ar,WO05a,1,,,
glh_ag-GC01b,glh_ag,GC01b,1,,,
glh_ag-GC01c,glh_ag,GC01c,0,,,
glh_ag-GC02a,glh_ag,GC02a,0,,,
glh_ag-GC02b,glh_ag,GC02b,0,,,
glh_ag-GC02c,glh_ag,GC02c,0,,,
glh_ag-GC02d,glh_ag,GC02d,1,,,
glh_ag-GC03,glh_ag,GC03,1,,,
glh_ag-GC04a,glh_ag,GC04a,0,,,
glh_ag-GC04b,glh_ag,GC04b,1,,,
glh_ag-GC05a,glh_ag,GC05a,0,,,
glh_ag-GC05b,glh_ag,GC05b,1,,,
glh_ag-GC06a,glh_ag,GC06a,0,,,
glh_ag-GC06b,glh_ag,GC06b,1,,,
glh_ag-GC07a,glh_ag,GC07a,0,,,
glh_ag-GC07b,glh_ag,GC07b,1,,,
glh_ag-PH01a,glh_ag,PH01a,1,,,
glh_ag-PH01b,glh_ag,PH01b,1,,,
glh_ag-PH01c,glh_ag,PH01c,0,,,
glh_ag-PH02a,glh_ag,PH02a,1,,,
glh_ag-PH02b,glh_ag,PH02b,1,,,
glh_ag-PH03a,glh_ag,PH03a,1,,,
glh_ag-PH03b,glh_ag,PH03b,1,,,
glh_ag-PH03c,glh_ag,PH03c,0,,,
glh_ag-PH03d,glh_ag,PH03d,1,,,
glh_ag-PH04,glh_ag,PH04,0,,,
glh_ag-PH05a,glh_ag,PH05a,0,,,
glh_ag-PH05b,glh_ag,PH05b,0,,,
glh_ag-PH06,glh_ag,PH06,0,,,
glh_ag-PH07,glh_ag,PH07,0,,,
glh_ag-PH08a,glh_ag,PH08a,0,,,
glh_ag-PH08b,glh_ag,PH08b,0,,,
glh_ag-WO01a,glh_ag,WO01a,0,,,
glh_ag-WO01b,glh_ag,WO01b,1,,,
glh_ag-WO02a,glh_ag,WO02a,1,,,
glh_ag-WO02b,glh_ag,WO02b,1,,,
glh_ag-WO02c,glh_ag,WO02c,0,,,
glh_ag-WO03,glh_ag,WO03,0,,,
glh_ag-WO04a,glh_ag,WO04a,1,,,
glh_ag-WO04b,glh_ag,WO04b,0,,,
glh_ag-WO05a,glh_ag,WO05a,1,,,
psi_am-GC01b,psi_am,GC01b,1,,,
psi_am-GC01c,psi_am,GC01c,1,,,
psi_am-GC02a,psi_am,GC02a,1,,,
psi_am-GC02b,psi_am,GC02b,0,,,
psi_am-GC02c,psi_am,GC02c,0,,,
psi_am-GC02d,psi_am,GC02d,1,,,
psi_am-GC03,psi_am,GC03,1,,,
psi_am-GC04a,psi_am,GC04a,0,,,
psi_am-GC04b,psi_am,GC04b,1,,,
psi_am-GC05a,psi_am,GC05a,0,,,
psi_am-GC05b,psi_am,GC05b,1,,,
psi_am-GC06a,psi_am,GC06a,0,,,
psi_am-GC06b,psi_am,GC06b,1,,,
psi_am-GC07a,psi_am,GC07a,0,,,
psi_am-GC07b,psi_am,GC07b,1,,,
psi_am-PH01a,psi_am,PH01a,1,,,
psi_am-PH01b,psi_am,PH01b,1,,,
psi_am-PH01c,psi_am,PH01c,0,,,
psi_am-PH02a,psi_am,PH02a,1,,,
psi_am-PH02b,psi_am,PH02b,0,,,
psi_am-PH03a,psi_am,PH03a,1,,,
psi_am-PH03b,psi_am,PH03b,0,,,
psi_am-PH03c,psi_am,PH03c,0,,,
psi_am-PH03d,psi_am,PH03d,1,,,
psi_am-PH04,psi_am,PH04,1,,,
psi_am-PH05a,psi_am,PH05a,0,,,
psi_am-PH05b,psi_am,PH05b,0,,,
psi_am-PH06,psi_am,PH06,0,,,
psi_am-PH07,psi_am,PH07,0,,,
psi_am-PH08a,psi_am,PH08a,0,,,
psi_am-PH08b,psi_am,PH08b,0,,,
psi_am-WO01a,psi_am,WO01a,0,,,
psi_am-WO01b,psi_am,WO01b,1,,,
psi_am-WO02a,psi_am,WO02a,1,,,
psi_am-WO02b,psi_am,WO02b,1,,,
psi_am-WO02c,psi_am,WO02c,0,,,
psi_am-WO03,psi_am,WO03,0,,,
psi_am-WO04a,psi_am,WO04a,0,,,
psi_am-WO04b,psi_am,WO04b,0,,,
psi_am-WO05a,psi_am,WO05a,1,,,
aee_at-GC01b,aee_at,GC01b,1,,,
aee_at-GC01c,aee_at,GC01c,1,,,
aee_at-GC02a,aee_at,GC02a,0,,,
aee_at-GC02b,aee_at,GC02b,0,,,
aee_at-GC02c,aee_at,GC02c,0,,,
aee_at-GC02d,aee_at,GC02d,0,,,
aee_at-GC03,aee_at,GC03,0,,,
aee_at-GC04a,aee_at,GC04a,0,,,
aee_at-GC04b,aee_at,GC04b,1,,,
aee_at-GC05a,aee_at,GC05a,0,,,
aee_at-GC05b,aee_at,GC05b,1,,,
aee_at-GC06a,aee_at,GC06a,0,,,
aee_at-GC06b,aee_at,GC06b,1,,,
aee_at-GC07a,aee_at,GC07a,0,,,
aee_at-GC07b,aee_at,GC07b,1,,,
aee_at-PH01a,aee_at,PH01a,1,,,
aee_at-PH01b,aee_at,PH01b,1,,,
aee_at-PH01c,aee_at,PH01c,0,,,
aee_at-PH02a,aee_at,PH02a,0,,,
aee_at-PH02b,aee_at,PH02b,0,,,
aee_at-PH03a,aee_at,PH03a,1,,,
aee_at-PH03b,aee_at,PH03b,1,,,
aee_at-PH03c,aee_at,PH03c,0,,,
aee_at-PH03d,aee_at,PH03d,1,,,
aee_at-PH04,aee_at,PH04,0,,,
aee_at-PH05a,aee_at,PH05a,0,,,
aee_at-PH05b,aee_at,PH05b,0,,,
aee_at-PH06,aee_at,PH06,1,,,
aee_at-PH07,aee_at,PH07,1,,,
aee_at-PH08a,aee_at,PH08a,0,,,
aee_at-PH08b,aee_at,PH08b,0,,,
aee_at-WO01a,aee_at,WO01a,0,,,
aee_at-WO01b,aee_at,WO01b,1,,,
aee_at-WO02a,aee_at,WO02a,1,,,
aee_at-WO02b,aee_at,WO02b,1,,,
aee_at-WO02c,aee_at,WO02c,0,,,
aee_at-WO03,aee_at,WO03,0,,,
aee_at-WO04a,aee_at,WO04a,0,,,
aee_at-WO04b,aee_at,WO04b,0,,,
aee_at-WO05a,aee_at,WO05a,1,,,
aee_ch-GC01b,aee_ch,GC01b,1,,,
aee_ch-GC01c,aee_ch,GC01c,1,,,
aee_ch-GC02a,aee_ch,GC02a,0,,,
aee_ch-GC02b,aee_ch,GC02b,0,,,
aee_ch-GC02c,aee_ch,GC02c,0,,,
aee_ch-GC02d,aee_ch,GC02d,0,,,
aee_ch-GC03,aee_ch,GC03,0,,,
aee_ch-GC04a,aee_ch,GC04a,0,,,
aee_ch-GC04b,aee_ch,GC04b,1,,,
aee_ch-GC05a,aee_ch,GC05a,0,,,
aee_ch-GC05b,aee_ch,GC05b,1,,,
aee_ch-GC06a,aee_ch,GC06a,0,,,
aee_ch-GC06b,aee_ch,GC06b,1,,,
aee_ch-GC07a,aee_ch,GC07a,0,,,
aee_ch-GC07b,aee_ch,GC07b,1,,,
aee_ch-PH01a,aee_ch,PH01a,1,,,
aee_ch-PH01b,aee_ch,PH01b,1,,,
aee_ch-PH01c,aee_ch,PH01c,0,,,
aee_ch-PH02a,aee_ch,PH02a,1,,,
aee_ch-PH02b,aee_ch,PH02b,0,,,
aee_ch-PH03a,aee_ch,PH03a,1,,,
aee_ch-PH03b,aee_ch,PH03b,0,,,
aee_ch-PH03c,aee_ch,PH03c,0,,,
aee_ch-PH03d,aee_ch,PH03d,1,,,
aee_ch-PH04,aee_ch,PH04,1,,,
aee_ch-PH05a,aee_ch,PH05a,0,,,
aee_ch-PH05b,aee_ch,PH05b,0,,,
aee_ch-PH06,aee_ch,PH06,1,,,
aee_ch-PH07,aee_ch,PH07,0,,,
aee_ch-PH08a,aee_ch,PH08a,0,,,
aee_ch-PH08b,aee_ch,PH08b,0,,,
aee_ch-WO01a,aee_ch,WO01a,0,,,
aee_ch-WO01b,aee_ch,WO01b,1,,,
aee_ch-WO02a,aee_ch,WO02a,1,,,
aee_ch-WO02b,aee_ch,WO02b,1,,,
aee_ch-WO02c,aee_ch,WO02c,0,,,
aee_ch-WO03,aee_ch,WO03,0,,,
aee_ch-WO04a,aee_ch,WO04a,0,,,
aee_ch-WO04b,aee_ch,WO04b,1,,,
aee_ch-WO05a,aee_ch,WO05a,1,,,
aee_kg-GC01b,aee_kg,GC01b,1,,,
aee_kg-GC01c,aee_kg,GC01c,1,,,
aee_kg-GC02a,aee_kg,GC02a,1,,,
aee_kg-GC02b,aee_kg,GC02b,0,,,
aee_kg-GC02c,aee_kg,GC02c,0,,,
aee_kg-GC02d,aee_kg,GC02d,1,,,
aee_kg-GC03,aee_kg,GC03,0,,,
aee_kg-GC04a,aee_kg,GC04a,0,,,
aee_kg-GC04b,aee_kg,GC04b,1,,,
aee_kg-GC05a,aee_kg,GC05a,0,,,
aee_kg-GC05b,aee_kg,GC05b,1,,,
aee_kg-GC06a,aee_kg,GC06a,0,,,
aee_kg-GC06b,aee_kg,GC06b,?,,,
aee_kg-GC07a,aee_kg,GC07a,0,,,
aee_kg-GC07b,aee_kg,GC07b,1,,,
aee_kg-PH01a,aee_kg,PH01a,1,,,
aee_kg-PH01b,aee_kg,PH01b,1,,,
aee_kg-PH01c,aee_kg,PH01c,0,,,
aee_kg-PH02a,aee_kg,PH02a,1,,,
aee_kg-PH02b,aee_kg,PH02b,0,,,
aee_kg-PH03a,aee_kg,PH03a,1,,,
aee_kg-PH03b,aee_kg,PH03b,1,,,
aee_kg-PH03c,aee_kg,PH03c,0,,,
aee_kg-PH03d,aee_kg,PH03d,1,,,
aee_kg-PH04,aee_kg,PH04,1,,,
aee_kg-PH05a,aee_kg,PH05a,0,,,
aee_kg-PH05b,aee_kg,PH05b,0,,,
aee_kg-PH06,aee_kg,PH06,1,,,
aee_kg-PH07,aee_kg,PH07,0,,,
aee_kg-PH08a,aee_kg,PH08a,0,,,
aee_kg-PH08b,aee_kg,PH08b,0,,,
aee_kg-WO01a,aee_kg,WO01a,0,,,
aee_kg-WO01b,aee_kg,WO01b,1,,,
aee_kg-WO02a,aee_kg,WO02a,1,,,
aee_kg-WO02b,aee_kg,WO02b,1,,,
aee_kg-WO02c,aee_kg,WO02c,0,,,
aee_kg-WO03,aee_kg,WO03,0,,,
aee_kg-WO04a,aee_kg,WO04a,0,,,
aee_kg-WO04b,aee_kg,WO04b,0,,,
aee_kg-WO05a,aee_kg,WO05a,1,,,
glh_sn-GC01b,glh_sn,GC01b,1,,,
glh_sn-GC01c,glh_sn,GC01c,0,,,
glh_sn-GC02a,glh_sn,GC02a,0,,,
glh_sn-GC02b,glh_sn,GC02b,0,,,
glh_sn-GC02c,glh_sn,GC02c,1,,,
glh_sn-GC02d,glh_sn,GC02d,1,,,
glh_sn-GC03,glh_sn,GC03,0,,,
glh_sn-GC04a,glh_sn,GC04a,0,,,
glh_sn-GC04b,glh_sn,GC04b,?,,,
glh_sn-GC05a,glh_sn,GC05a,0,,,
glh_sn-GC05b,glh_sn,GC05b,1,,,
glh_sn-GC06a,glh_sn,GC06a,0,,,
glh_sn-GC06b,glh_sn,GC06b,1,,,
glh_sn-GC07a,glh_sn,GC07a,0,,,
glh_sn-GC07b,glh_sn,GC07b,1,,,
glh_sn-PH01a,glh_sn,PH01a,1,,,
glh_sn-PH01b,glh_sn,PH01b,1,,,
glh_sn-PH01c,glh_sn,PH01c,1,,,
glh_sn-PH02a,glh_sn,PH02a,0,,,
glh_sn-PH02b,glh_sn,PH02b,0,,,
glh_sn-PH03a,glh_sn,PH03a,1,,,
glh_sn-PH03b,glh_sn,PH03b,1,,,
glh_sn-PH03c,glh_sn,PH03c,0,,,
glh_sn-PH03d,glh_sn,PH03d,1,,,
glh_sn-PH04,glh_sn,PH04,0,,,
glh_sn-PH05a,glh_sn,PH05a,0,,,
glh_sn-PH05b,glh_sn,PH05b,0,,,
glh_sn-PH06,glh_sn,PH06,1,,,
glh_sn-PH07,glh_sn,PH07,0,,,
glh_sn-PH08a,glh_sn,PH08a,0,,,
glh_sn-PH08b,glh_sn,PH08b,0,,,
glh_sn-WO01a,glh_sn,WO01a,0,,,
glh_sn-WO01b,glh_sn,WO01b,1,,,
glh_sn-WO02a,glh_sn,WO02a,1,,,
glh_sn-WO02b,glh_sn,WO02b,1,,,
glh_sn-WO02c,glh_sn,WO02c,0,,,
glh_sn-WO03,glh_sn,WO03,0,,,
glh_sn-WO04a,glh_sn,WO04a,1,,,
glh_sn-WO04b,glh_sn,WO04b,0,,,
glh_sn-WO05a,glh_sn,WO05a,1,,,
aee_sh-GC01b,aee_sh,GC01b,1,,,
aee_sh-GC01c,aee_sh,GC01c,1,,,
aee_sh-GC02a,aee_sh,GC02a,1,,,
aee_sh-GC02b,aee_sh,GC02b,0,,,
aee_sh-GC02c,aee_sh,GC02c,0,,,
aee_sh-GC02d,aee_sh,GC02d,1,,,
aee_sh-GC03,aee_sh,GC03,0,,,
aee_sh-GC04a,aee_sh,GC04a,0,,,
aee_sh-GC04b,aee_sh,GC04b,1,,,
aee_sh-GC05a,aee_sh,GC05a,0,,,
aee_sh-GC05b,aee_sh,GC05b,1,,,
aee_sh-GC06a,aee_sh,GC06a,0,,,
aee_sh-GC06b,aee_sh,GC06b,1,,,
aee_sh-GC07a,aee_sh,GC07a,0,,,
aee_sh-GC07b,aee_sh,GC07b,1,,,
aee_sh-PH01a,aee_sh,PH01a,1,,,
aee_sh-PH01b,aee_sh,PH01b,1,,,
aee_sh-PH01c,aee_sh,PH01c,0,,,
aee_sh-PH02a,aee_sh,PH02a,1,,,
aee_sh-PH02b,aee_sh,PH02b,0,,,
aee_sh-PH03a,aee_sh,PH03a,1,,,
aee_sh-PH03b,aee_sh,PH03b,0,,,
aee_sh-PH03c,aee_sh,PH03c,0,,,
aee_sh-PH03d,aee_sh,PH03d,1,,,
aee_sh-PH04,aee_sh,PH04,1,,,
aee_sh-PH05a,aee_sh,PH05a,0,,,
aee_sh-PH05b,aee_sh,PH05b,0,,,
aee_sh-PH06,aee_sh,PH06,1,,,
aee_sh-PH07,aee_sh,PH07,0,,,
aee_sh-PH08a,aee_sh,PH08a,0,,,
aee_sh-PH08b,aee_sh,PH08b,0,,,
aee_sh-WO01a,aee_sh,WO01a,0,,,
aee_sh-WO01b,aee_sh,WO01b,1,,,
aee_sh-WO02a,aee_sh,WO02a,1,,,
aee_sh-WO02b,aee_sh,WO02b,1,,,
aee_sh-WO02c,aee_sh,WO02c,0,,,
aee_sh-WO03,aee_sh,WO03,0,,,
aee_sh-WO04a,aee_sh,WO04a,1,,,
aee_sh-WO04b,aee_sh,WO04b,0,,,
aee_sh-WO05a,aee_sh,WO05a,1,,,
pbu_a-GC01b,pbu_a,GC01b,1,,,
pbu_a-GC01c,pbu_a,GC01c,0,,,
pbu_a-GC02a,pbu_a,GC02a,1,,,
pbu_a-GC02b,pbu_a,GC02b,0,,,
pbu_a-GC02c,pbu_a,GC02c,0,,,
pbu_a-GC02d,pbu_a,GC02d,1,,,
pbu_a-GC03,pbu_a,GC03,1,,,
pbu_a-GC04a,pbu_a,GC04a,1,,,
pbu_a-GC04b,pbu_a,GC04b,1,,,
pbu_a-GC05a,pbu_a,GC05a,0,,,
pbu_a-GC05b,pbu_a,GC05b,1,,,
pbu_a-GC06a,pbu_a,GC06a,1,,,
pbu_a-GC06b,pbu_a,GC06b,1,,,
pbu_a-GC07a,pbu_a,GC07a,0,,,
pbu_a-GC07b,pbu_a,GC07b,1,,,
pbu_a-PH01a,pbu_a,PH01a,1,,,
pbu_a-PH01b,pbu_a,PH01b,1,,,
pbu_a-PH01c,pbu_a,PH01c,0,,,
pbu_a-PH02a,pbu_a,PH02a,1,,,
pbu_a-PH02b,pbu_a,PH02b,0,,,
pbu_a-PH03a,pbu_a,PH03a,1,,,
pbu_a-PH03b,pbu_a,PH03b,1,,,
pbu_a-PH03c,pbu_a,PH03c,0,,,
pbu_a-PH03d,pbu_a,PH03d,0,,,
pbu_a-PH04,pbu_a,PH04,0,,,
pbu_a-PH05a,pbu_a,PH05a,0,,,
pbu_a-PH05b,pbu_a,PH05b,0,,,
pbu_a-PH06,pbu_a,PH06,1,,,
pbu_a-PH07,pbu_a,PH07,0,,,
pbu_a-PH08a,pbu_a,PH08a,0,,,
pbu_a-PH08b,pbu_a,PH08b,0,,,
pbu_a-WO01a,pbu_a,WO01a,0,,,
pbu_a-WO01b,pbu_a,WO01b,1,,,
pbu_a-WO02a,pbu_a,WO02a,1,,,
pbu_a-WO02b,pbu_a,WO02b,1,,,
pbu_a-WO02c,pbu_a,WO02c,1,,,
pbu_a-WO03,pbu_a,WO03,0,,,
pbu_a-WO04a,pbu_a,WO04a,1,,,
pbu_a-WO04b,pbu_a,WO04b,0,,,
pbu_a-WO05a,pbu_a,WO05a,1,,,
pbu_i-GC01b,pbu_i,GC01b,1,,,
pbu_i-GC01c,pbu_i,GC01c,0,,,
pbu_i-GC02a,pbu_i,GC02a,1,,,
pbu_i-GC02b,pbu_i,GC02b,0,,,
pbu_i-GC02c,pbu_i,GC02c,0,,,
pbu_i-GC02d,pbu_i,GC02d,1,,,
pbu_i-GC03,pbu_i,GC03,1,,,
pbu_i-GC04a,pbu_i,GC04a,0,,,
pbu_i-GC04b,pbu_i,GC04b,1,,,
pbu_i-GC05a,pbu_i,GC05a,0,,,
pbu_i-GC05b,pbu_i,GC05b,1,,,
pbu_i-GC06a,pbu_i,GC06a,0,,,
pbu_i-GC06b,pbu_i,GC06b,1,,,
pbu_i-GC07a,pbu_i,GC07a,0,,,
pbu_i-GC07b,pbu_i,GC07b,0,,,
pbu_i-PH01a,pbu_i,PH01a,1,,,
pbu_i-PH01b,pbu_i,PH01b,1,,,
pbu_i-PH01c,pbu_i,PH01c,0,,,
pbu_i-PH02a,pbu_i,PH02a,1,,,
pbu_i-PH02b,pbu_i,PH02b,0,,,
pbu_i-PH03a,pbu_i,PH03a,1,,,
pbu_i-PH03b,pbu_i,PH03b,1,,,
pbu_i-PH03c,pbu_i,PH03c,0,,,
pbu_i-PH03d,pbu_i,PH03d,1,,,
pbu_i-PH04,pbu_i,PH04,0,,,
pbu_i-PH05a,pbu_i,PH05a,0,,,
pbu_i-PH05b,pbu_i,PH05b,0,,,
pbu_i-PH06,pbu_i,PH06,1,,,
pbu_i-PH07,pbu_i,PH07,0,,,
pbu_i-PH08a,pbu_i,PH08a,0,,,
pbu_i-PH08b,pbu_i,PH08b,0,,,
pbu_i-WO01a,pbu_i,WO01a,0,,,
pbu_i-WO01b,pbu_i,WO01b,1,,,
pbu_i-WO02a,pbu_i,WO02a,1,,,
pbu_i-WO02b,pbu_i,WO02b,1,,,
pbu_i-WO02c,pbu_i,WO02c,0,,,
pbu_i-WO03,pbu_i,WO03,0,,,
pbu_i-WO04a,pbu_i,WO04a,0,,,
pbu_i-WO04b,pbu_i,WO04b,0,,,
pbu_i-WO05a,pbu_i,WO05a,1,,,
pbu_p-GC01b,pbu_p,GC01b,1,,,
pbu_p-GC01c,pbu_p,GC01c,0,,,
pbu_p-GC02a,pbu_p,GC02a,1,,,
pbu_p-GC02b,pbu_p,GC02b,0,,,
pbu_p-GC02c,pbu_p,GC02c,0,,,
pbu_p-GC02d,pbu_p,GC02d,1,,,
pbu_p-GC03,pbu_p,GC03,0,,,
pbu_p-GC04a,pbu_p,GC04a,1,,,
pbu_p-GC04b,pbu_p,GC04b,1,,,
pbu_p-GC05a,pbu_p,GC05a,0,,,
pbu_p-GC05b,pbu_p,GC05b,1,,,
pbu_p-GC06a,pbu_p,GC06a,1,,,
pbu_p-GC06b,pbu_p,GC06b,1,,,
pbu_p-GC07a,pbu_p,GC07a,0,,,
pbu_p-GC07b,pbu_p,GC07b,0,,,
pbu_p-PH01a,pbu_p,PH01a,1,,,
pbu_p-PH01b,pbu_p,PH01b,1,,,
pbu_p-PH01c,pbu_p,PH01c,0,,,
pbu_p-PH02a,pbu_p,PH02a,1,,,
pbu_p-PH02b,pbu_p,PH02b,0,,,
pbu_p-PH03a,pbu_p,PH03a,1,,,
pbu_p-PH03b,pbu_p,PH03b,1,,,
pbu_p-PH03c,pbu_p,PH03c,0,,,
pbu_p-PH03d,pbu_p,PH03d,0,,,
pbu_p-PH04,pbu_p,PH04,0,,,
pbu_p-PH05a,pbu_p,PH05a,0,,,
pbu_p-PH05b,pbu_p,PH05b,0,,,
pbu_p-PH06,pbu_p,PH06,1,,,
pbu_p-PH07,pbu_p,PH07,0,,,
pbu_p-PH08a,pbu_p,PH08a,0,,,
pbu_p-PH08b,pbu_p,PH08b,0,,,
pbu_p-WO01a,pbu_p,WO01a,0,,,
pbu_p-WO01b,pbu_p,WO01b,1,,,
pbu_p-WO02a,pbu_p,WO02a,1,,,
pbu_p-WO02b,pbu_p,WO02b,1,,,
pbu_p-WO02c,pbu_p,WO02c,1,,,
pbu_p-WO03,pbu_p,WO03,0,,,
pbu_p-WO04a,pbu_p,WO04a,0,,,
pbu_p-WO04b,pbu_p,WO04b,0,,,
pbu_p-WO05a,pbu_p,WO05a,1,,,
prn-GC01b,prn,GC01b,0,,,
prn-GC01c,prn,GC01c,0,,,
prn-GC02a,prn,GC02a,0,,,
prn-GC02b,prn,GC02b,0,,,
prn-GC02c,prn,GC02c,1,,,
prn-GC02d,prn,GC02d,1,,,
prn-GC03,prn,GC03,1,,,
prn-GC04a,prn,GC04a,0,,,
prn-GC04b,prn,GC04b,1,,,
prn-GC05a,prn,GC05a,0,,,
prn-GC05b,prn,GC05b,0,,,
prn-GC06a,prn,GC06a,0,,,
prn-GC06b,prn,GC06b,1,,,
prn-GC07a,prn,GC07a,0,,,
prn-GC07b,prn,GC07b,0,,,
prn-PH01a,prn,PH01a,1,,,
prn-PH01b,prn,PH01b,1,,,
prn-PH01c,prn,PH01c,1,,,
prn-PH02a,prn,PH02a,1,,,
prn-PH02b,prn,PH02b,0,,,
prn-PH03a,prn,PH03a,1,,,
prn-PH03b,prn,PH03b,0,,,
prn-PH03c,prn,PH03c,0,,,
prn-PH03d,prn,PH03d,1,,,
prn-PH04,prn,PH04,0,,,
prn-PH05a,prn,PH05a,0,,,
prn-PH05b,prn,PH05b,0,,,
prn-PH06,prn,PH06,0,,,
prn-PH07,prn,PH07,0,,,
prn-PH08a,prn,PH08a,0,,,
prn-PH08b,prn,PH08b,0,,,
prn-WO01a,prn,WO01a,0,,,
prn-WO01b,prn,WO01b,1,,,
prn-WO02a,prn,WO02a,1,,,
prn-WO02b,prn,WO02b,1,,,
prn-WO02c,prn,WO02c,0,,,
prn-WO03,prn,WO03,0,,,
prn-WO04a,prn,WO04a,0,,,
prn-WO04b,prn,WO04b,1,,,
prn-WO05a,prn,WO05a,1,,,
prx-GC01b,prx,GC01b,0,,,
prx-GC01c,prx,GC01c,0,,,
prx-GC02a,prx,GC02a,1,,,
prx-GC02b,prx,GC02b,0,,,
prx-GC02c,prx,GC02c,0,,,
prx-GC02d,prx,GC02d,1,,,
prx-GC03,prx,GC03,1,,,
prx-GC04a,prx,GC04a,0,,,
prx-GC04b,prx,GC04b,1,,,
prx-GC05a,prx,GC05a,0,,,
prx-GC05b,prx,GC05b,1,,,
prx-GC06a,prx,GC06a,0,,,
prx-GC06b,prx,GC06b,1,,,
prx-GC07a,prx,GC07a,0,,,
prx-GC07b,prx,GC07b,0,,,
prx-PH01a,prx,PH01a,0,,,
prx-PH01b,prx,PH01b,0,,,
prx-PH01c,prx,PH01c,0,,,
prx-PH02a,prx,PH02a,1,,,
prx-PH02b,prx,PH02b,0,,,
prx-PH03a,prx,PH03a,1,,,
prx-PH03b,prx,PH03b,1,,,
prx-PH03c,prx,PH03c,1,,,
prx-PH03d,prx,PH03d,0,,,
prx-PH04,prx,PH04,1,,,
prx-PH05a,prx,PH05a,1,,,
prx-PH05b,prx,PH05b,0,,,
prx-PH06,prx,PH06,1,,,
prx-PH07,prx,PH07,0,,,
prx-PH08a,prx,PH08a,0,,,
prx-PH08b,prx,PH08b,0,,,
prx-WO01a,prx,WO01a,0,,,
prx-WO01b,prx,WO01b,1,,,
prx-WO02a,prx,WO02a,1,,,
prx-WO02b,prx,WO02b,1,,,
prx-WO02c,prx,WO02c,0,,,
prx-WO03,prx,WO03,0,,,
prx-WO04a,prx,WO04a,0,,,
prx-WO04b,prx,WO04b,1,,,
prx-WO05a,prx,WO05a,1,,,
sgh_r-GC01b,sgh_r,GC01b,1,,,
sgh_r-GC01c,sgh_r,GC01c,0,,,
sgh_r-GC02a,sgh_r,GC02a,0,,,
sgh_r-GC02b,sgh_r,GC02b,0,,,
sgh_r-GC02c,sgh_r,GC02c,0,,,
sgh_r-GC02d,sgh_r,GC02d,1,,,
sgh_r-GC03,sgh_r,GC03,1,,,
sgh_r-GC04a,sgh_r,GC04a,1,,,
sgh_r-GC04b,sgh_r,GC04b,1,,,
sgh_r-GC05a,sgh_r,GC05a,1,,,
sgh_r-GC05b,sgh_r,GC05b,0,,,
sgh_r-GC06a,sgh_r,GC06a,0,,,
sgh_r-GC06b,sgh_r,GC06b,1,,,
sgh_r-GC07a,sgh_r,GC07a,0,,,
sgh_r-GC07b,sgh_r,GC07b,0,,,
sgh_r-PH01a,sgh_r,PH01a,1,,,
sgh_r-PH01b,sgh_r,PH01b,0,,,
sgh_r-PH01c,sgh_r,PH01c,1,,,
sgh_r-PH02a,sgh_r,PH02a,1,,,
sgh_r-PH02b,sgh_r,PH02b,0,,,
sgh_r-PH03a,sgh_r,PH03a,1,,,
sgh_r-PH03b,sgh_r,PH03b,1,,,
sgh_r-PH03c,sgh_r,PH03c,0,,,
sgh_r-PH03d,sgh_r,PH03d,1,,,
sgh_r-PH04,sgh_r,PH04,0,,,
sgh_r-PH05a,sgh_r,PH05a,0,,,
sgh_r-PH05b,sgh_r,PH05b,0,,,
sgh_r-PH06,sgh_r,PH06,1,,,
sgh_r-PH07,sgh_r,PH07,0,,,
sgh_r-PH08a,sgh_r,PH08a,0,,,
sgh_r-PH08b,sgh_r,PH08b,0,,,
sgh_r-WO01a,sgh_r,WO01a,0,,,
sgh_r-WO01b,sgh_r,WO01b,1,,,
sgh_r-WO02a,sgh_r,WO02a,1,,,
sgh_r-WO02b,sgh_r,WO02b,1,,,
sgh_r-WO02c,sgh_r,WO02c,1,,,
sgh_r-WO03,sgh_r,WO03,0,,,
sgh_r-WO04a,sgh_r,WO04a,1,,,
sgh_r-WO04b,sgh_r,WO04b,1,,,
sgh_r-WO05a,sgh_r,WO05a,1,,,
sgy-GC01b,sgy,GC01b,0,,,
sgy-GC01c,sgy,GC01c,0,,,
sgy-GC02a,sgy,GC02a,0,,,
sgy-GC02b,sgy,GC02b,0,,,
sgy-GC02c,sgy,GC02c,1,,,
sgy-GC02d,sgy,GC02d,1,,,
sgy-GC03,sgy,GC03,1,,,
sgy-GC04a,sgy,GC04a,1,,,
sgy-GC04b,sgy,GC04b,0,,,
sgy-GC05a,sgy,GC05a,0,,,
sgy-GC05b,sgy,GC05b,1,,,
sgy-GC06a,sgy,GC06a,1,,,
sgy-GC06b,sgy,GC06b,0,,,
sgy-GC07a,sgy,GC07a,0,,,
sgy-GC07b,sgy,GC07b,0,,,
sgy-PH01a,sgy,PH01a,1,,,
sgy-PH01b,sgy,PH01b,1,,,
sgy-PH01c,sgy,PH01c,1,,,
sgy-PH02a,sgy,PH02a,1,,,
sgy-PH02b,sgy,PH02b,0,,,
sgy-PH03a,sgy,PH03a,1,,,
sgy-PH03b,sgy,PH03b,1,,,
sgy-PH03c,sgy,PH03c,1,,,
sgy-PH03d,sgy,PH03d,1,,,
sgy-PH04,sgy,PH04,0,,,
sgy-PH05a,sgy,PH05a,0,,,
sgy-PH05b,sgy,PH05b,0,,,
sgy-PH06,sgy,PH06,1,,,
sgy-PH07,sgy,PH07,0,,,
sgy-PH08a,sgy,PH08a,0,,,
sgy-PH08b,sgy,PH08b,0,,,
sgy-WO01a,sgy,WO01a,0,,,
sgy-WO01b,sgy,WO01b,1,,,
sgy-WO02a,sgy,WO02a,1,,,
sgy-WO02b,sgy,WO02b,1,,,
sgy-WO02c,sgy,WO02c,1,,,
sgy-WO03,sgy,WO03,0,,,
sgy-WO04a,sgy,WO04a,1,,,
sgy-WO04b,sgy,WO04b,0,,,
sgy-WO05a,sgy,WO05a,1,,,
sdg-GC01b,sdg,GC01b,1,,,
sdg-GC01c,sdg,GC01c,0,,,
sdg-GC02a,sdg,GC02a,1,,,
sdg-GC02b,sdg,GC02b,0,,,
sdg-GC02c,sdg,GC02c,0,,,
sdg-GC02d,sdg,GC02d,1,,,
sdg-GC03,sdg,GC03,0,,,
sdg-GC04a,sdg,GC04a,0,,,
sdg-GC04b,sdg,GC04b,1,,,
sdg-GC05a,sdg,GC05a,0,,,
sdg-GC05b,sdg,GC05b,0,,,
sdg-GC06a,sdg,GC06a,0,,,
sdg-GC06b,sdg,GC06b,1,,,
sdg-GC07a,sdg,GC07a,0,,,
sdg-GC07b,sdg,GC07b,0,,,
sdg-PH01a,sdg,PH01a,1,,,
sdg-PH01b,sdg,PH01b,1,,,
sdg-PH01c,sdg,PH01c,1,,,
sdg-PH02a,sdg,PH02a,1,,,
sdg-PH02b,sdg,PH02b,1,,,
sdg-PH03a,sdg,PH03a,1,,,
sdg-PH03b,sdg,PH03b,1,,,
sdg-PH03c,sdg,PH03c,0,,,
sdg-PH03d,sdg,PH03d,0,,,
sdg-PH04,sdg,PH04,1,,,
sdg-PH05a,sdg,PH05a,1,,,
sdg-PH05b,sdg,PH05b,0,,,
sdg-PH06,sdg,PH06,0,,,
sdg-PH07,sdg,PH07,0,,,
sdg-PH08a,sdg,PH08a,0,,,
sdg-PH08b,sdg,PH08b,0,,,
sdg-WO01a,sdg,WO01a,0,,,
sdg-WO01b,sdg,WO01b,1,,,
sdg-WO02a,sdg,WO02a,1,,,
sdg-WO02b,sdg,WO02b,1,,,
sdg-WO02c,sdg,WO02c,0,,,
sdg-WO03,sdg,WO03,0,,,
sdg-WO04a,sdg,WO04a,1,,,
sdg-WO04b,sdg,WO04b,0,,,
sdg-WO05a,sdg,WO05a,1,,,
scl_p-GC01b,scl_p,GC01b,1,,,
scl_p-GC01c,scl_p,GC01c,0,,,
scl_p-GC02a,scl_p,GC02a,1,,,
scl_p-GC02b,scl_p,GC02b,0,,,
scl_p-GC02c,scl_p,GC02c,0,,,
scl_p-GC02d,scl_p,GC02d,1,,,
scl_p-GC03,scl_p,GC03,0,,,
scl_p-GC04a,scl_p,GC04a,0,,,
scl_p-GC04b,scl_p,GC04b,1,,,
scl_p-GC05a,scl_p,GC05a,0,,,
scl_p-GC05b,scl_p,GC05b,1,,,
scl_p-GC06a,scl_p,GC06a,0,,,
scl_p-GC06b,scl_p,GC06b,1,,,
scl_p-GC07a,scl_p,GC07a,0,,,
scl_p-GC07b,scl_p,GC07b,0,,,
scl_p-PH01a,scl_p,PH01a,1,,,
scl_p-PH01b,scl_p,PH01b,1,,,
scl_p-PH01c,scl_p,PH01c,1,,,
scl_p-PH02a,scl_p,PH02a,1,,,
scl_p-PH02b,scl_p,PH02b,1,,,
scl_p-PH03a,scl_p,PH03a,1,,,
scl_p-PH03b,scl_p,PH03b,0,,,
scl_p-PH03c,scl_p,PH03c,0,,,
scl_p-PH03d,scl_p,PH03d,0,,,
scl_p-PH04,scl_p,PH04,0,,,
scl_p-PH05a,scl_p,PH05a,1,,,
scl_p-PH05b,scl_p,PH05b,0,,,
scl_p-PH06,scl_p,PH06,0,,,
scl_p-PH07,scl_p,PH07,1,,,
scl_p-PH08a,scl_p,PH08a,0,,,
scl_p-PH08b,scl_p,PH08b,0,,,
scl_p-WO01a,scl_p,WO01a,0,,,
scl_p-WO01b,scl_p,WO01b,1,,,
scl_p-WO02a,scl_p,WO02a,1,,,
scl_p-WO02b,scl_p,WO02b,1,,,
scl_p-WO02c,scl_p,WO02c,0,,,
scl_p-WO03,scl_p,WO03,0,,,
scl_p-WO04a,scl_p,WO04a,0,,,
scl_p-WO04b,scl_p,WO04b,1,,,
scl_p-WO05a,scl_p,WO05a,1,,,
scl_i-GC01b,scl_i,GC01b,1,,,
scl_i-GC01c,scl_i,GC01c,0,,,
scl_i-GC02a,scl_i,GC02a,1,,,
scl_i-GC02b,scl_i,GC02b,1,,,
scl_i-GC02c,scl_i,GC02c,1,,,
scl_i-GC02d,scl_i,GC02d,1,,,
scl_i-GC03,scl_i,GC03,1,,,
scl_i-GC04a,scl_i,GC04a,0,,,
scl_i-GC04b,scl_i,GC04b,1,,,
scl_i-GC05a,scl_i,GC05a,0,,,
scl_i-GC05b,scl_i,GC05b,1,,,
scl_i-GC06a,scl_i,GC06a,0,,,
scl_i-GC06b,scl_i,GC06b,1,,,
scl_i-GC07a,scl_i,GC07a,0,,,
scl_i-GC07b,scl_i,GC07b,0,,,
scl_i-PH01a,scl_i,PH01a,1,,,
scl_i-PH01b,scl_i,PH01b,1,,,
scl_i-PH01c,scl_i,PH01c,1,,,
scl_i-PH02a,scl_i,PH02a,1,,,
scl_i-PH02b,scl_i,PH02b,1,,,
scl_i-PH03a,scl_i,PH03a,1,,,
scl_i-PH03b,scl_i,PH03b,0,,,
scl_i-PH03c,scl_i,PH03c,0,,,
scl_i-PH03d,scl_i,PH03d,1,,,
scl_i-PH04,scl_i,PH04,0,,,
scl_i-PH05a,scl_i,PH05a,1,,,
scl_i-PH05b,scl_i,PH05b,0,,,
scl_i-PH06,scl_i,PH06,0,,,
scl_i-PH07,scl_i,PH07,1,,,
scl_i-PH08a,scl_i,PH08a,0,,,
scl_i-PH08b,scl_i,PH08b,1,,,
scl_i-WO01a,scl_i,WO01a,0,,,
scl_i-WO01b,scl_i,WO01b,1,,,
scl_i-WO02a,scl_i,WO02a,1,,,
scl_i-WO02b,scl_i,WO02b,1,,,
scl_i-WO02c,scl_i,WO02c,0,,,
scl_i-WO03,scl_i,WO03,0,,,
scl_i-WO04a,scl_i,WO04a,0,,,
scl_i-WO04b,scl_i,WO04b,1,,,
scl_i-WO05a,scl_i,WO05a,1,,,
sgh_a-GC01b,sgh_a,GC01b,1,,,
sgh_a-GC01c,sgh_a,GC01c,0,,,
sgh_a-GC02a,sgh_a,GC02a,0,,,
sgh_a-GC02b,sgh_a,GC02b,0,,,
sgh_a-GC02c,sgh_a,GC02c,1,,,
sgh_a-GC02d,sgh_a,GC02d,1,,,
sgh_a-GC03,sgh_a,GC03,1,,,
sgh_a-GC04a,sgh_a,GC04a,1,,,
sgh_a-GC04b,sgh_a,GC04b,1,,,
sgh_a-GC05a,sgh_a,GC05a,1,,,
sgh_a-GC05b,sgh_a,GC05b,0,,,
sgh_a-GC06a,sgh_a,GC06a,1,,,
sgh_a-GC06b,sgh_a,GC06b,0,,,
sgh_a-GC07a,sgh_a,GC07a,0,,,
sgh_a-GC07b,sgh_a,GC07b,0,,,
sgh_a-PH01a,sgh_a,PH01a,1,,,
sgh_a-PH01b,sgh_a,PH01b,0,,,
sgh_a-PH01c,sgh_a,PH01c,1,,,
sgh_a-PH02a,sgh_a,PH02a,1,,,
sgh_a-PH02b,sgh_a,PH02b,0,,,
sgh_a-PH03a,sgh_a,PH03a,1,,,
sgh_a-PH03b,sgh_a,PH03b,1,,,
sgh_a-PH03c,sgh_a,PH03c,0,,,
sgh_a-PH03d,sgh_a,PH03d,1,,,
sgh_a-PH04,sgh_a,PH04,0,,,
sgh_a-PH05a,sgh_a,PH05a,0,,,
sgh_a-PH05b,sgh_a,PH05b,0,,,
sgh_a-PH06,sgh_a,PH06,1,,,
sgh_a-PH07,sgh_a,PH07,0,,,
sgh_a-PH08a,sgh_a,PH08a,0,,,
sgh_a-PH08b,sgh_a,PH08b,0,,,
sgh_a-WO01a,sgh_a,WO01a,0,,,
sgh_a-WO01b,sgh_a,WO01b,1,,,
sgh_a-WO02a,sgh_a,WO02a,1,,,
sgh_a-WO02b,sgh_a,WO02b,1,,,
sgh_a-WO02c,sgh_a,WO02c,1,,,
sgh_a-WO03,sgh_a,WO03,0,,,
sgh_a-WO04a,sgh_a,WO04a,1,,,
sgh_a-WO04b,sgh_a,WO04b,1,,,
sgh_a-WO05a,sgh_a,WO05a,1,,,
trw-GC01b,trw,GC01b,1,,,
trw-GC01c,trw,GC01c,0,,,
trw-GC02a,trw,GC02a,1,,,
trw-GC02b,trw,GC02b,0,,,
trw-GC02c,trw,GC02c,0,,,
trw-GC02d,trw,GC02d,1,,,
trw-GC03,trw,GC03,0,,,
trw-GC04a,trw,GC04a,0,,,
trw-GC04b,trw,GC04b,1,,,
trw-GC05a,trw,GC05a,0,,,
trw-GC05b,trw,GC05b,1,,,
trw-GC06a,trw,GC06a,0,,,
trw-GC06b,trw,GC06b,1,,,
trw-GC07a,trw,GC07a,0,,,
trw-GC07b,trw,GC07b,0,,,
trw-PH01a,trw,PH01a,1,,,
trw-PH01b,trw,PH01b,1,,,
trw-PH01c,trw,PH01c,1,,,
trw-PH02a,trw,PH02a,1,,,
trw-PH02b,trw,PH02b,1,,,
trw-PH03a,trw,PH03a,1,,,
trw-PH03b,trw,PH03b,0,,,
trw-PH03c,trw,PH03c,0,,,
trw-PH03d,trw,PH03d,0,,,
trw-PH04,trw,PH04,0,,,
trw-PH05a,trw,PH05a,1,,,
trw-PH05b,trw,PH05b,1,,,
trw-PH06,trw,PH06,0,,,
trw-PH07,trw,PH07,1,,,
trw-PH08a,trw,PH08a,0,,,
trw-PH08b,trw,PH08b,1,,,
trw-WO01a,trw,WO01a,0,,,
trw-WO01b,trw,WO01b,1,,,
trw-WO02a,trw,WO02a,1,,,
trw-WO02b,trw,WO02b,1,,,
trw-WO02c,trw,WO02c,0,,,
trw-WO03,trw,WO03,0,,,
trw-WO04a,trw,WO04a,0,,,
trw-WO04b,trw,WO04b,0,,,
trw-WO05a,trw,WO05a,1,,,
ush-GC01b,ush,GC01b,1,,,
ush-GC01c,ush,GC01c,0,,,
ush-GC02a,ush,GC02a,1,,,
ush-GC02b,ush,GC02b,0,,,
ush-GC02c,ush,GC02c,0,,,
ush-GC02d,ush,GC02d,1,,,
ush-GC03,ush,GC03,0,,,
ush-GC04a,ush,GC04a,0,,,
ush-GC04b,ush,GC04b,1,,,
ush-GC05a,ush,GC05a,0,,,
ush-GC05b,ush,GC05b,1,,,
ush-GC06a,ush,GC06a,0,,,
ush-GC06b,ush,GC06b,1,,,
ush-GC07a,ush,GC07a,0,,,
ush-GC07b,ush,GC07b,0,,,
ush-PH01a,ush,PH01a,1,,,
ush-PH01b,ush,PH01b,1,,,
ush-PH01c,ush,PH01c,1,,,
ush-PH02a,ush,PH02a,1,,,
ush-PH02b,ush,PH02b,1,,,
ush-PH03a,ush,PH03a,1,,,
ush-PH03b,ush,PH03b,0,,,
ush-PH03c,ush,PH03c,0,,,
ush-PH03d,ush,PH03d,1,,,
ush-PH04,ush,PH04,0,,,
ush-PH05a,ush,PH05a,1,,,
ush-PH05b,ush,PH05b,1,,,
ush-PH06,ush,PH06,0,,,
ush-PH07,ush,PH07,1,,,
ush-PH08a,ush,PH08a,0,,,
ush-PH08b,ush,PH08b,1,,,
ush-WO01a,ush,WO01a,0,,,
ush-WO01b,ush,WO01b,1,,,
ush-WO02a,ush,WO02a,1,,,
ush-WO02b,ush,WO02b,1,,,
ush-WO02c,ush,WO02c,0,,,
ush-WO03,ush,WO03,0,,,
ush-WO04a,ush,WO04a,0,,,
ush-WO04b,ush,WO04b,0,,,
ush-WO05a,ush,WO05a,1,,,
uzs-GC01b,uzs,GC01b,0,,,
uzs-GC01c,uzs,GC01c,0,,,
uzs-GC02a,uzs,GC02a,0,,,
uzs-GC02b,uzs,GC02b,0,,,
uzs-GC02c,uzs,GC02c,1,,,
uzs-GC02d,uzs,GC02d,1,,,
uzs-GC03,uzs,GC03,1,,,
uzs-GC04a,uzs,GC04a,0,,,
uzs-GC04b,uzs,GC04b,1,,,
uzs-GC05a,uzs,GC05a,0,,,
uzs-GC05b,uzs,GC05b,1,,,
uzs-GC06a,uzs,GC06a,0,,,
uzs-GC06b,uzs,GC06b,1,,,
uzs-GC07a,uzs,GC07a,0,,,
uzs-GC07b,uzs,GC07b,1,,,
uzs-PH01a,uzs,PH01a,0,,,
uzs-PH01b,uzs,PH01b,0,,,
uzs-PH01c,uzs,PH01c,0,,,
uzs-PH02a,uzs,PH02a,0,,,
uzs-PH02b,uzs,PH02b,0,,,
uzs-PH03a,uzs,PH03a,1,,,
uzs-PH03b,uzs,PH03b,0,,,
uzs-PH03c,uzs,PH03c,0,,,
uzs-PH03d,uzs,PH03d,1,,,
uzs-PH04,uzs,PH04,0,,,
uzs-PH05a,uzs,PH05a,0,,,
uzs-PH05b,uzs,PH05b,0,,,
uzs-PH06,uzs,PH06,1,,,
uzs-PH07,uzs,PH07,0,,,
uzs-PH08a,uzs,PH08a,0,,,
uzs-PH08b,uzs,PH08b,0,,,
uzs-WO01a,uzs,WO01a,0,,,
uzs-WO01b,uzs,WO01b,1,,,
uzs-WO02a,uzs,WO02a,1,,,
uzs-WO02b,uzs,WO02b,1,,,
uzs-WO02c,uzs,WO02c,0,,,
uzs-WO03,uzs,WO03,0,,,
uzs-WO04a,uzs,WO04a,1,,,
uzs-WO04b,uzs,WO04b,1,,,
uzs-WO05a,uzs,WO05a,1,,,
wbk-GC01b,wbk,GC01b,1,,,
wbk-GC01c,wbk,GC01c,0,,,
wbk-GC02a,wbk,GC02a,1,,,
wbk-GC02b,wbk,GC02b,0,,,
wbk-GC02c,wbk,GC02c,0,,,
wbk-GC02d,wbk,GC02d,0,,,
wbk-GC03,wbk,GC03,1,,,
wbk-GC04a,wbk,GC04a,0,,,
wbk-GC04b,wbk,GC04b,1,,,
wbk-GC05a,wbk,GC05a,0,,,
wbk-GC05b,wbk,GC05b,0,,,
wbk-GC06a,wbk,GC06a,0,,,
wbk-GC06b,wbk,GC06b,1,,,
wbk-GC07a,wbk,GC07a,0,,,
wbk-GC07b,wbk,GC07b,0,,,
wbk-PH01a,wbk,PH01a,1,,,
wbk-PH01b,wbk,PH01b,1,,,
wbk-PH01c,wbk,PH01c,?,,,
wbk-PH02a,wbk,PH02a,?,,,
wbk-PH02b,wbk,PH02b,?,,,
wbk-PH03a,wbk,PH03a,1,,,
wbk-PH03b,wbk,PH03b,1,,,
wbk-PH03c,wbk,PH03c,0,,,
wbk-PH03d,wbk,PH03d,1,,,
wbk-PH04,wbk,PH04,0,,,
wbk-PH05a,wbk,PH05a,0,,,
wbk-PH05b,wbk,PH05b,0,,,
wbk-PH06,wbk,PH06,1,,,
wbk-PH07,wbk,PH07,0,,,
wbk-PH08a,wbk,PH08a,0,,,
wbk-PH08b,wbk,PH08b,0,,,
wbk-WO01a,wbk,WO01a,0,,,
wbk-WO01b,wbk,WO01b,1,,,
wbk-WO02a,wbk,WO02a,?,,,
wbk-WO02b,wbk,WO02b,?,,,
wbk-WO02c,wbk,WO02c,?,,,
wbk-WO03,wbk,WO03,0,,,
wbk-WO04a,wbk,WO04a,0,,,
wbk-WO04b,wbk,WO04b,0,,,
wbk-WO05a,wbk,WO05a,1,,,
wbl_a-GC01b,wbl_a,GC01b,0,,,
wbl_a-GC01c,wbl_a,GC01c,0,,,
wbl_a-GC02a,wbl_a,GC02a,0,,,
wbl_a-GC02b,wbl_a,GC02b,0,,,
wbl_a-GC02c,wbl_a,GC02c,1,,,
wbl_a-GC02d,wbl_a,GC02d,1,,,
wbl_a-GC03,wbl_a,GC03,1,,,
wbl_a-GC04a,wbl_a,GC04a,1,,,
wbl_a-GC04b,wbl_a,GC04b,1,,,
wbl_a-GC05a,wbl_a,GC05a,0,,,
wbl_a-GC05b,wbl_a,GC05b,0,,,
wbl_a-GC06a,wbl_a,GC06a,1,,,
wbl_a-GC06b,wbl_a,GC06b,0,,,
wbl_a-GC07a,wbl_a,GC07a,0,,,
wbl_a-GC07b,wbl_a,GC07b,0,,,
wbl_a-PH01a,wbl_a,PH01a,1,,,
wbl_a-PH01b,wbl_a,PH01b,0,,,
wbl_a-PH01c,wbl_a,PH01c,1,,,
wbl_a-PH02a,wbl_a,PH02a,1,,,
wbl_a-PH02b,wbl_a,PH02b,1,,,
wbl_a-PH03a,wbl_a,PH03a,1,,,
wbl_a-PH03b,wbl_a,PH03b,0,,,
wbl_a-PH03c,wbl_a,PH03c,0,,,
wbl_a-PH03d,wbl_a,PH03d,1,,,
wbl_a-PH04,wbl_a,PH04,1,,,
wbl_a-PH05a,wbl_a,PH05a,0,,,
wbl_a-PH05b,wbl_a,PH05b,0,,,
wbl_a-PH06,wbl_a,PH06,1,,,
wbl_a-PH07,wbl_a,PH07,0,,,
wbl_a-PH08a,wbl_a,PH08a,0,,,
wbl_a-PH08b,wbl_a,PH08b,0,,,
wbl_a-WO01a,wbl_a,WO01a,0,,,
wbl_a-WO01b,wbl_a,WO01b,1,,,
wbl_a-WO02a,wbl_a,WO02a,1,,,
wbl_a-WO02b,wbl_a,WO02b,0,,,
wbl_a-WO02c,wbl_a,WO02c,1,,,
wbl_a-WO03,wbl_a,WO03,0,,,
wbl_a-WO04a,wbl_a,WO04a,1,,,
wbl_a-WO04b,wbl_a,WO04b,0,,,
wbl_a-WO05a,wbl_a,WO05a,1,,,
wbl_p-GC01b,wbl_p,GC01b,0,,,
wbl_p-GC01c,wbl_p,GC01c,0,,,
wbl_p-GC02a,wbl_p,GC02a,1,,,
wbl_p-GC02b,wbl_p,GC02b,0,,,
wbl_p-GC02c,wbl_p,GC02c,0,,,
wbl_p-GC02d,wbl_p,GC02d,1,,,
wbl_p-GC03,wbl_p,GC03,1,,,
wbl_p-GC04a,wbl_p,GC04a,1,,,
wbl_p-GC04b,wbl_p,GC04b,1,,,
wbl_p-GC05a,wbl_p,GC05a,1,,,
wbl_p-GC05b,wbl_p,GC05b,0,,,
wbl_p-GC06a,wbl_p,GC06a,1,,,
wbl_p-GC06b,wbl_p,GC06b,0,,,
wbl_p-GC07a,wbl_p,GC07a,0,,,
wbl_p-GC07b,wbl_p,GC07b,0,,,
wbl_p-PH01a,wbl_p,PH01a,1,,,
wbl_p-PH01b,wbl_p,PH01b,1,,,
wbl_p-PH01c,wbl_p,PH01c,1,,,
wbl_p-PH02a,wbl_p,PH02a,1,,,
wbl_p-PH02b,wbl_p,PH02b,1,,,
wbl_p-PH03a,wbl_p,PH03a,1,,,
wbl_p-PH03b,wbl_p,PH03b,1,,,
wbl_p-PH03c,wbl_p,PH03c,0,,,
wbl_p-PH03d,wbl_p,PH03d,1,,,
wbl_p-PH04,wbl_p,PH04,1,,,
wbl_p-PH05a,wbl_p,PH05a,0,,,
wbl_p-PH05b,wbl_p,PH05b,0,,,
wbl_p-PH06,wbl_p,PH06,1,,,
wbl_p-PH07,wbl_p,PH07,0,,,
wbl_p-PH08a,wbl_p,PH08a,0,,,
wbl_p-PH08b,wbl_p,PH08b,1,,,
wbl_p-WO01a,wbl_p,WO01a,0,,,
wbl_p-WO01b,wbl_p,WO01b,1,,,
wbl_p-WO02a,wbl_p,WO02a,1,,,
wbl_p-WO02b,wbl_p,WO02b,0,,,
wbl_p-WO02c,wbl_p,WO02c,1,,,
wbl_p-WO03,wbl_p,WO03,0,,,
wbl_p-WO04a,wbl_p,WO04a,0,,,
wbl_p-WO04b,wbl_p,WO04b,1,,,
wbl_p-WO05a,wbl_p,WO05a,1,,,
ydg-GC01b,ydg,GC01b,1,,,
ydg-GC01c,ydg,GC01c,0,,,
ydg-GC02a,ydg,GC02a,1,,,
ydg-GC02b,ydg,GC02b,1,,,
ydg-GC02c,ydg,GC02c,1,,,
ydg-GC02d,ydg,GC02d,1,,,
ydg-GC03,ydg,GC03,1,,,
ydg-GC04a,ydg,GC04a,1,,,
ydg-GC04b,ydg,GC04b,1,,,
ydg-GC05a,ydg,GC05a,1,,,
ydg-GC05b,ydg,GC05b,0,,,
ydg-GC06a,ydg,GC06a,1,,,
ydg-GC06b,ydg,GC06b,0,,,
ydg-GC07a,ydg,GC07a,0,,,
ydg-GC07b,ydg,GC07b,0,,,
ydg-PH01a,ydg,PH01a,1,,,
ydg-PH01b,ydg,PH01b,1,,,
ydg-PH01c,ydg,PH01c,1,,,
ydg-PH02a,ydg,PH02a,0,,,
ydg-PH02b,ydg,PH02b,0,,,
ydg-PH03a,ydg,PH03a,1,,,
ydg-PH03b,ydg,PH03b,1,,,
ydg-PH03c,ydg,PH03c,0,,,
ydg-PH03d,ydg,PH03d,1,,,
ydg-PH04,ydg,PH04,0,,,
ydg-PH05a,ydg,PH05a,1,,,
ydg-PH05b,ydg,PH05b,0,,,
ydg-PH06,ydg,PH06,1,,,
ydg-PH07,ydg,PH07,0,,,
ydg-PH08a,ydg,PH08a,0,,,
ydg-PH08b,ydg,PH08b,1,,,
ydg-WO01a,ydg,WO01a,0,,,
ydg-WO01b,ydg,WO01b,1,,,
ydg-WO02a,ydg,WO02a,1,,,
ydg-WO02b,ydg,WO02b,0,,,
ydg-WO02c,ydg,WO02c,1,,,
ydg-WO03,ydg,WO03,0,,,
ydg-WO04a,ydg,WO04a,0,,,
ydg-WO04b,ydg,WO04b,1,,,
ydg-WO05a,ydg,WO05a,1,,,
